rank,current money,money earned by selling shares,money earned by payoff,money lost by buying shares,euclidean distance
1,9.251987,0.0,9.130638,6.397949,25.655167
2,8.6133995,0.0,8.371586,5.054962,27.016172
3,8.491657,0.0,8.315899,7.816223,28.998472
4,7.905895,0.0,7.605818,6.4296036,27.251663
5,7.5013733,0.0,7.1762037,3.8293304,24.570837
6,6.5666447,0.0,5.5141163,7.2722626,22.272942
7,6.072047,0.0,5.8118277,6.8085938,22.106808
8,6.001491,0.0,5.2967467,7.2470474,22.473284
9,5.892401,0.0,4.4146543,1.7934799,24.490717
10,5.832323,0.0,5.4089146,4.317566,21.805805
11,5.806819,0.0,5.6133018,4.211197,24.690062
12,5.7034583,0.0,5.652528,4.7595215,20.424477
13,5.6046457,0.0,4.7557955,6.7847443,24.009806
14,5.5507393,0.0,5.0538936,1.8213501,18.614426
15,5.521747,0.0,5.348428,4.2654343,23.220879
16,5.4924946,0.0,4.674031,3.6099243,25.160364
17,5.1439714,0.0,4.9130945,1.2591934,23.655869
18,5.1158853,0.0,5.0389466,5.867462,24.710367
19,5.103595,0.0,4.482974,3.1147308,19.94526
20,5.0968924,0.0,3.9775677,1.1223831,23.637146
21,4.9920197,0.0,4.0254693,2.3460083,25.188778
22,4.8013344,0.0,4.690843,2.0372925,24.0525
23,4.6507664,0.0,3.974405,2.0195618,24.939735
24,4.643412,0.0,4.453758,6.2605286,21.89731
25,4.6339006,0.0,4.384231,1.4115143,25.891827
26,4.6129475,0.0,3.5031366,3.7247925,24.538145
27,4.550121,0.0,4.500655,3.5876465,24.419596
28,4.4722915,0.0,4.3567677,1.0993576,21.947176
29,4.3805933,0.0,4.1061707,1.1476135,25.061186
30,4.247882,0.0,3.9955773,1.977356,26.426313
31,4.2443266,0.0,4.1886435,2.4307632,26.85269
32,4.0778413,0.0,3.825852,3.795868,22.687977
33,4.0650215,0.0,3.9589217,0.76971436,24.629461
34,4.0311403,0.0,3.9376886,0.65948486,24.234621
35,4.002119,0.0,3.5766613,1.2706604,23.764202
36,3.8646188,0.0,3.829233,0.7590637,23.753946
37,3.815545,0.0,3.773654,2.1893158,25.57098
38,3.7389793,0.0,3.3473964,2.0568695,18.708075
39,3.7132275,0.0,3.4706228,3.323288,26.287367
40,3.5737474,0.0,2.585267,1.4722061,24.092325
41,3.5213187,0.0,3.4337292,0.8759308,24.186949
42,3.4214282,0.0,3.2340732,0.7714844,27.767752
43,3.2376585,0.0,2.6336477,2.967453,25.37545
44,3.1731825,0.0,3.1158206,1.5306702,24.788046
45,3.1419485,0.0,3.0348086,1.2127304,22.815578
46,3.1206496,0.0,1.8083874,0.54107666,28.206652
47,3.045436,0.0,2.6713307,1.5574188,21.353554
48,3.0221071,0.0,2.412119,1.7828064,20.204348
49,2.9155405,0.0,2.6200943,2.210266,24.233862
50,2.8936036,0.0,1.6836665,3.1577911,19.542437
51,2.7720344,0.0,1.649668,3.6635284,20.981499
52,2.7694902,0.0,2.4745576,0.5492554,19.896688
53,2.7023866,0.0,2.6825864,6.6759796,25.548609
54,2.6544566,0.0,2.6184487,0.46442413,23.215023
55,2.6212778,0.0,0.0,0.0,22.000027
56,2.5421305,0.0,2.1786642,0.41889954,23.706026
57,2.5245025,0.0,0.033765532,0.37628174,22.72779
58,2.362627,0.0,2.2636638,0.57540894,21.216202
59,2.3496342,0.0,1.9886123,0.26559448,23.571045
60,2.2918994,0.0,1.2869594,0.8943176,25.151922
61,2.2580872,0.0,1.677574,1.6869507,26.403748
62,2.196721,0.0,1.6836996,2.2095795,25.17143
63,2.1187308,0.0,1.9530706,1.028595,25.989883
64,2.0809717,0.0,1.8094817,0.80340576,24.409616
65,2.0737348,0.0,2.0549045,0.80648804,23.130987
66,2.0554018,0.0,1.8462813,0.32936096,25.287426
67,2.0550985,0.0,1.8258644,0.24885559,21.439175
68,2.0155783,0.0,1.5822686,1.8729401,23.320786
69,1.9257232,0.0,0.0,0.0,23.308147
70,1.8947878,0.0,0.0,0.0,24.26041
71,1.8790023,0.0,1.2345934,0.27955627,22.128365
72,1.8426772,0.0,1.8320371,4.2312393,23.666265
73,1.8295319,0.0,0.0,0.0,24.071629
74,1.8128157,0.0,0.0,0.0,24.242468
75,1.7929378,0.0,1.7739623,2.3313828,23.88029
76,1.7861627,0.0,1.107984,1.7006378,26.475643
77,1.767598,0.0,1.713069,0.33132935,22.572292
78,1.7217153,0.0,1.6180404,5.0411224,20.80096
79,1.6854166,0.0,1.3525977,1.5458221,23.599745
80,1.6790689,0.0,0.0,0.0,24.696554
81,1.67097,0.0,0.8450276,0.6008301,21.28653
82,1.6525997,0.0,1.3903238,0.5263138,21.693562
83,1.6215068,0.0,0.0,0.0,22.819883
84,1.620701,0.0,1.5330144,4.601715,27.037481
85,1.6131468,0.0,0.0,0.0,23.23999
86,1.5681891,0.0,0.9867514,0.7712097,26.655937
87,1.5659792,0.0,0.0,0.0,25.455711
88,1.5500197,0.0,0.81995887,0.19645691,25.720543
89,1.505101,0.0,0.42733303,0.43508148,24.412014
90,1.4889555,0.0,1.3996065,0.42778015,18.66438
91,1.4868261,0.0,0.9013709,3.1591797,24.510313
92,1.468535,0.0,0.0,0.0,24.668875
93,1.4649787,0.0,0.0,0.0,29.490854
94,1.4227105,0.0,0.0,0.0,26.908012
95,1.408275,0.0,0.0,0.0,25.002096
96,1.3662895,0.0,1.1621286,0.46284485,20.797663
97,1.3657132,0.0,0.0,0.0,25.521568
98,1.3550833,0.0,1.0008075,1.286438,19.511745
99,1.3513601,0.0,0.0,0.0,23.590685
100,1.3307695,0.0,0.0,0.0,21.205452
101,1.3085057,0.0,0.27545488,0.8996582,23.074074
102,1.2820425,0.0,0.84160453,0.5314636,25.730614
103,1.2791177,0.0,0.0,0.0,26.06393
104,1.276927,0.0,1.0456085,0.16827393,23.548729
105,1.2720436,0.0,0.0,0.0,26.969025
106,1.2585535,0.0,0.0,0.0,23.313265
107,1.2580266,0.0,0.88140476,0.13000488,23.783884
108,1.2528974,0.0,0.0,0.0,21.281487
109,1.2496556,0.0,0.0,0.0,24.767939
110,1.2426398,0.0,0.8341668,1.8832397,20.776768
111,1.2187984,0.0,0.0,0.0,23.583088
112,1.2148917,0.0,0.0,0.0,25.04537
113,1.2074784,0.0,0.0,0.0,25.986208
114,1.1959352,0.0,0.0,0.0,20.333069
115,1.1778098,0.0,0.0,0.0,26.336796
116,1.174137,0.0,0.0,0.0,21.287922
117,1.1731548,0.0,1.0417782,0.4590912,27.655714
118,1.1578927,0.0,0.9110658,0.77493286,25.571379
119,1.1566086,0.0,0.0,0.0,22.141699
120,1.1364307,0.0,0.0,0.0,23.371386
121,1.131957,0.0,0.0,0.0,26.05996
122,1.1280617,0.0,0.0,0.0,25.257406
123,1.1277525,0.0,0.0,0.0,26.327682
124,1.127237,0.0,0.0,0.0,24.904875
125,1.124558,0.0,0.0,0.0,25.018814
126,1.1227566,0.0,1.0990094,0.25802612,26.45254
127,1.0999879,0.0,0.7967709,0.045967102,24.103327
128,1.0968871,0.0,0.87188035,1.938858,22.571339
129,1.096331,0.0,0.026557812,1.4723206,20.194702
130,1.0928311,0.0,0.0,0.0,23.36488
131,1.0848329,0.0,0.0,0.0,27.65058
132,1.0789094,0.0,0.0,0.0,21.851145
133,1.0703489,0.0,0.11467046,5.0095825,23.019997
134,1.0683651,0.0,0.0,0.0,24.904768
135,1.0635186,0.0,0.0,0.0,22.763859
136,1.0464795,0.0,0.91215986,0.7953491,26.042757
137,1.0453376,0.0,0.0,0.0,25.641386
138,1.0416164,0.0,0.0,0.0,25.734324
139,1.040453,0.0,1.0286329,0.6674957,22.467783
140,1.0358834,0.0,0.0,0.0,22.645662
141,1.0251416,0.0,0.0,0.0,20.022928
142,1.0184094,0.0,0.92571074,0.33779907,27.297276
143,1.0167499,0.0,0.22064948,2.5510254,25.697815
144,1.0156853,0.0,0.15643646,2.2470703,21.534962
145,1.0091342,0.0,0.0,0.0,25.70342
146,0.99368954,0.0,0.015955696,1.376648,25.802076
147,0.988435,0.0,0.1059126,1.3920593,17.906612
148,0.98578966,0.0,0.6527663,0.20184326,27.154947
149,0.9826445,0.0,0.31467956,1.0487747,26.1459
150,0.98115027,0.0,0.0,0.0,22.709875
151,0.97185534,0.0,0.0,0.0,23.005758
152,0.9615557,0.0,0.0,0.0,23.63451
153,0.96146655,0.0,0.0,0.0,23.427572
154,0.9575601,0.0,0.0,0.0,27.923609
155,0.9541968,0.0,0.0,0.0,24.32687
156,0.94862044,0.0,0.0,0.0,25.947058
157,0.9433558,0.0,0.0,0.0,23.43265
158,0.9389107,0.0,0.09265973,1.2058258,26.167969
159,0.9351399,0.0,0.23902375,0.1852417,25.986
160,0.9345459,0.0,0.74638116,2.1676865,27.441322
161,0.93448246,0.0,0.0,0.0,19.793377
162,0.9309619,0.0,0.0,0.0,21.210083
163,0.9289624,0.0,0.0,0.0,24.009766
164,0.92404675,0.0,0.0,0.0,23.175266
165,0.923259,0.0,0.69576573,2.4177856,22.68607
166,0.92119604,0.0,0.0,0.0,23.752499
167,0.9178487,0.0,0.5896808,5.5095215,23.633953
168,0.9177335,0.0,0.0,0.0,21.795898
169,0.90753603,0.0,0.0,0.0,26.249006
170,0.90224993,0.0,0.0,0.0,22.75487
171,0.89670765,0.0,0.5835454,1.9052811,24.695478
172,0.88540065,0.0,0.0,0.0,27.345942
173,0.8804195,0.0,0.70412624,0.3786621,25.76521
174,0.88027257,0.0,0.7251126,5.762741,23.294682
175,0.8791539,0.0,0.0,0.0,27.529198
176,0.87802064,0.0,0.0,0.0,23.765396
177,0.8748468,0.0,0.0,0.0,19.804602
178,0.8608747,0.0,0.0,0.0,23.753155
179,0.8598037,0.0,0.0,0.0,23.598345
180,0.8530377,0.0,0.0,0.0,27.176256
181,0.8491389,0.0,0.023194961,1.6499634,22.449121
182,0.84408844,0.0,0.0,0.0,25.252316
183,0.8436653,0.0,0.0,0.0,25.685715
184,0.8423204,0.0,0.09353094,0.5513916,18.733313
185,0.83697677,0.0,0.0,0.0,24.654863
186,0.8340142,0.0,0.0,0.0,24.941895
187,0.8330904,0.0,0.0,0.0,26.7956
188,0.83123684,0.0,0.64561695,0.1756897,25.027258
189,0.8273344,0.0,0.0,0.0,25.587755
190,0.820156,0.0,0.0,0.0,27.17822
191,0.81431466,0.0,0.0,0.0,27.497835
192,0.8121015,0.0,0.0,0.0,17.962994
193,0.8034545,0.0,0.0,0.0,27.695766
194,0.80316955,0.0,0.0,0.0,23.176891
195,0.8018679,0.0,0.6856078,0.34268188,24.008991
196,0.8007864,0.0,0.0,0.0,24.244184
197,0.79856807,0.0,0.0,0.0,20.715143
198,0.79608816,0.0,0.0,0.0,22.283758
199,0.7952823,0.0,0.0,0.0,22.281029
200,0.7907009,0.0,0.0,0.0,27.274155
201,0.79032695,0.0,0.0,0.0,24.01577
202,0.78769404,0.0,0.0,0.0,22.901756
203,0.77662915,0.0,0.0,0.0,20.392681
204,0.77412355,0.0,0.0,0.0,23.276083
205,0.77295023,0.0,0.0,0.0,25.915384
206,0.7726198,0.0,0.3874194,0.9195709,22.890522
207,0.7716853,0.0,0.0,0.0,24.795843
208,0.7691369,0.0,0.0,0.0,25.619663
209,0.76696,0.0,0.0,0.0,20.722393
210,0.76422143,0.0,0.0,0.0,22.44425
211,0.76367354,0.0,0.0,0.0,21.609001
212,0.7627259,0.0,0.033098258,0.21711731,21.363644
213,0.7622459,0.0,0.0,0.0,25.012674
214,0.7603352,0.0,0.0,0.0,25.392673
215,0.75735694,0.0,0.108717285,2.4898834,27.207075
216,0.7546705,0.0,0.0,0.0,24.37785
217,0.7524233,0.0,0.0,0.0,23.976261
218,0.7445083,0.0,0.0,0.0,27.858059
219,0.7430217,0.0,0.0,0.0,24.110155
220,0.7427772,0.0,0.0,0.0,25.116539
221,0.7414646,0.0,0.0,0.0,27.05758
222,0.7372807,0.0,0.13519989,1.0863495,25.823355
223,0.7365207,0.0,0.0,0.0,20.823547
224,0.7364771,0.0,0.0,0.0,22.738268
225,0.7335309,0.0,0.33215705,1.0066452,21.139847
226,0.7315672,0.0,0.0,0.0,28.908693
227,0.7295407,0.0,0.0,0.0,22.91157
228,0.72849256,0.0,0.0,0.0,24.557251
229,0.72445,0.0,0.0,0.0,23.749382
230,0.7243097,0.0,0.0,0.0,21.548101
231,0.7223351,0.0,0.0,0.0,21.530544
232,0.71976393,0.0,0.0,0.0,25.227663
233,0.7194804,0.0,0.0,0.0,24.484194
234,0.7180623,0.0,0.0,0.0,23.582064
235,0.7175747,0.0,0.0,0.0,21.786615
236,0.71671814,0.0,0.0,0.0,27.968397
237,0.71577483,0.0,0.0,0.0,24.605574
238,0.7155529,0.0,0.0,0.0,23.36291
239,0.7140666,0.0,0.0,0.0,23.536306
240,0.7095502,0.0,0.0,0.0,25.988354
241,0.7077557,0.0,0.0,0.0,29.9465
242,0.7041004,0.0,0.0,0.0,23.600727
243,0.703968,0.0,0.0,0.0,26.095583
244,0.7020751,0.0,0.0,0.0,26.981907
245,0.6992021,0.0,0.0,0.0,24.855564
246,0.699008,0.0,0.6009708,0.17858887,26.08507
247,0.6953754,0.0,0.046012346,1.1831665,21.544071
248,0.6952509,0.0,0.0,0.0,22.394325
249,0.69357216,0.0,0.0,0.0,21.185179
250,0.69355863,0.0,0.013017096,1.2883301,22.05616
251,0.6935198,0.0,0.0,0.0,20.443434
252,0.6891405,0.0,0.0,0.0,28.142296
253,0.68876946,0.0,0.0,0.0,23.381124
254,0.6864037,0.0,0.0,0.0,25.988373
255,0.68393505,0.0,0.0,0.0,25.373993
256,0.68178153,0.0,0.0,0.0,25.470478
257,0.6817808,0.0,0.0,0.0,23.953905
258,0.68157566,0.0,0.0,0.0,17.3042
259,0.6807344,0.0,0.0,0.0,31.332003
260,0.6788509,0.0,0.0,0.0,22.779213
261,0.6759184,0.0,0.0,0.0,20.42035
262,0.6749085,0.0,0.0,0.0,22.390402
263,0.6747235,0.0,0.0,0.0,22.720343
264,0.67471105,0.0,0.0,0.0,23.784517
265,0.6723858,0.0,0.0,0.0,27.160053
266,0.67218316,0.0,0.0,0.0,23.241707
267,0.6720702,0.0,0.0,0.0,25.63108
268,0.6719584,0.0,0.0,0.0,19.94937
269,0.67112106,0.0,4.5913343E-6,0.04067993,22.378656
270,0.67000675,0.0,0.0,0.0,25.058638
271,0.66877913,0.0,0.0,0.0,20.322939
272,0.6678696,0.0,0.0,0.0,20.636314
273,0.66646326,0.0,0.0,0.0,25.679192
274,0.6640465,0.0,0.040775526,0.88153076,23.023848
275,0.6631099,0.0,0.0,0.0,25.249638
276,0.6609497,0.0,0.0,0.0,24.416828
277,0.65959823,0.0,0.0,0.0,22.843792
278,0.6550603,0.0,0.0,0.0,23.853157
279,0.65342987,0.0,0.0,0.0,25.373407
280,0.6513655,0.0,0.0,0.0,26.742508
281,0.65032625,0.0,0.0,0.0,26.73408
282,0.64908683,0.0,0.0,0.0,25.811232
283,0.6486298,0.0,0.0,0.0,21.143106
284,0.64819336,0.0,0.0,0.0,28.206804
285,0.6470732,0.0,0.15704602,1.4471436,22.17353
286,0.64688504,0.0,0.06804618,0.32089233,23.326233
287,0.64625245,0.0,0.0,0.0,25.90015
288,0.6452654,0.0,0.0,0.0,20.742697
289,0.64366114,0.0,0.0,0.0,23.645777
290,0.64283943,0.0,0.0,0.0,21.520523
291,0.638966,0.0,0.5725784,3.312439,26.098434
292,0.6385686,0.0,0.0,0.0,23.570395
293,0.63798255,0.0,0.032265447,0.39175415,24.344296
294,0.6377552,0.0,0.0,0.0,22.5752
295,0.6365921,0.0,0.0,0.0,25.5727
296,0.6354893,0.0,0.0,0.0,27.213644
297,0.63471043,0.0,0.0,0.0,26.366919
298,0.6345984,0.0,0.0,0.0,24.545938
299,0.6330452,0.0,0.0,0.0,21.559126
300,0.6327197,0.0,0.0,0.0,23.181866
301,0.6320212,0.0,0.0,0.0,28.658052
302,0.63093734,0.0,0.0,0.0,21.979416
303,0.63082695,0.0,0.0,0.0,23.931343
304,0.63011926,0.0,0.0,0.0,22.143362
305,0.6295055,0.0,0.0,0.0,21.918457
306,0.62934196,0.0,0.0,0.0,19.579767
307,0.6266911,0.0,0.0,0.0,22.256632
308,0.6258377,0.0,0.0,0.0,26.753296
309,0.62304467,0.0,0.0,0.0,28.209707
310,0.6205172,0.0,0.0,0.0,19.380272
311,0.61983657,0.0,0.0,0.0,25.426289
312,0.6175617,0.0,0.0,0.0,25.335583
313,0.616336,0.0,0.0,0.0,21.863022
314,0.61587924,0.0,0.0,0.0,25.558798
315,0.6157057,0.0,0.0,0.0,24.255936
316,0.6156943,0.0,0.0,0.0,23.241806
317,0.61364007,0.0,0.0,0.0,23.73711
318,0.6129248,0.0,0.0,0.0,21.384687
319,0.60945547,0.0,0.12623397,1.7259064,25.253487
320,0.60896695,0.0,0.0,0.0,20.875122
321,0.60774136,0.0,0.024292964,3.7409363,24.568106
322,0.6064626,0.0,0.027183905,0.7445984,23.009548
323,0.6051363,0.0,0.0,0.0,25.87323
324,0.6047111,0.0,0.0,0.0,29.23365
325,0.604347,0.0,0.0,0.0,30.565285
326,0.6035886,0.0,0.0,0.0,22.654612
327,0.6033713,0.0,0.0,0.0,20.239517
328,0.6029206,0.0,0.0,0.0,25.205235
329,0.60253924,0.0,0.0,0.0,25.34899
330,0.6021037,0.0,0.0,0.0,20.363037
331,0.6018805,0.0,0.0,0.0,23.727837
332,0.60039747,0.0,0.0,0.0,23.38062
333,0.59979486,0.0,0.0,0.0,25.36194
334,0.5993465,0.0,0.0,0.0,23.106659
335,0.59932375,0.0,0.0,0.0,23.479496
336,0.5992487,0.0,0.0,0.0,25.941063
337,0.5979742,0.0,0.0,0.0,21.116812
338,0.5971235,0.0,0.0,0.0,22.604525
339,0.5965204,0.0,0.0,0.0,25.998169
340,0.5961202,0.0,0.0,0.0,24.626799
341,0.59573334,0.0,0.0,0.0,23.494411
342,0.5953884,0.0,0.0,0.0,24.128738
343,0.5952859,0.0,0.0,0.0,24.779882
344,0.5948796,0.0,0.0,0.0,23.225283
345,0.59162587,0.0,0.0,0.0,21.03968
346,0.5916157,0.0,0.0,0.0,21.382713
347,0.5906017,0.0,0.49772128,0.039245605,26.283472
348,0.59057343,0.0,0.0,0.0,30.24467
349,0.59044766,0.0,0.0,0.0,21.744759
350,0.58969957,0.0,0.0,0.0,25.574373
351,0.58957356,0.0,0.0,0.0,28.520237
352,0.5892432,0.0,0.120209835,0.66900635,26.130545
353,0.5887761,0.0,0.0,0.0,22.596481
354,0.58661616,0.0,0.0,0.0,26.222635
355,0.5865311,0.0,0.0,0.0,27.346163
356,0.5842701,0.0,0.0,0.0,22.40995
357,0.5825263,0.0,0.0,0.0,22.619682
358,0.58248365,0.0,0.0,0.0,23.424053
359,0.5811926,0.0,1.1556513E-6,0.40081787,19.34143
360,0.58101624,0.0,0.0,0.0,26.261375
361,0.5788325,0.0,0.0,0.0,24.36984
362,0.5788234,0.0,0.4509101,0.14955139,25.813793
363,0.5782441,0.0,0.0,0.0,22.227474
364,0.57793593,0.0,0.0,0.0,20.083105
365,0.57755876,0.0,0.0,0.0,29.186398
366,0.57729733,0.0,0.0,0.0,22.73923
367,0.5770039,0.0,0.0,0.0,22.286922
368,0.57649404,0.0,0.0,0.0,24.733646
369,0.57483685,0.0,0.0,0.0,21.747131
370,0.5738902,0.0,0.07301436,0.1685791,24.885014
371,0.5735645,0.0,0.0,0.0,23.620808
372,0.5723629,0.0,0.0,0.0,20.51285
373,0.5716192,0.0,0.0,0.0,23.301355
374,0.5706589,0.0,0.0,0.0,23.915503
375,0.5696628,0.0,0.23863244,1.7276611,22.145802
376,0.56849366,0.0,0.0,0.0,24.22527
377,0.56606203,0.0,0.0,0.0,21.17841
378,0.56555104,0.0,0.0,0.0,23.483337
379,0.56431305,0.0,0.0,0.0,20.45983
380,0.5639596,0.0,0.0,0.0,19.326294
381,0.56381655,0.0,0.0,0.0,23.066338
382,0.5615495,0.0,0.0,0.0,23.270359
383,0.5609719,0.0,0.0,0.0,25.21473
384,0.5609565,0.0,0.15896916,0.9679413,22.12051
385,0.5599572,0.0,0.0,0.0,23.173014
386,0.55987495,0.0,0.0,0.0,26.494171
387,0.55964303,0.0,0.0,0.0,27.222351
388,0.5591925,0.0,0.0,0.0,22.155712
389,0.55856514,0.0,0.11713454,1.6316528,23.449846
390,0.55754733,0.0,0.0,0.0,26.530191
391,0.55744153,0.0,0.0,0.0,20.42174
392,0.5564161,0.0,0.0,0.0,21.541016
393,0.55618596,0.0,0.0,0.0,24.115185
394,0.55578506,0.0,0.0,0.0,24.406404
395,0.5549401,0.0,0.0,0.0,24.426489
396,0.5540407,0.0,0.18221568,0.44837952,24.120485
397,0.55395216,0.0,0.0,0.0,26.988598
398,0.5530256,0.0,0.0,0.0,25.239155
399,0.55288863,0.0,0.0,0.0,24.038414
400,0.5526086,0.0,0.5074986,0.16915894,25.41793
401,0.55217403,0.0,0.0,0.0,25.354511
402,0.55043286,0.0,0.0,0.0,22.106123
403,0.54974484,0.0,0.0,0.0,23.7504
404,0.54945713,0.0,0.0,0.0,23.541023
405,0.5483645,0.0,0.0,0.0,27.503267
406,0.548241,0.0,0.0,0.0,26.924896
407,0.5478757,0.0,0.0,0.0,24.59711
408,0.5457946,0.0,0.0,0.0,22.092766
409,0.54567504,0.0,0.0,0.0,25.060942
410,0.54460925,0.0,0.0,0.0,21.33992
411,0.5434596,0.0,0.0,0.0,25.994675
412,0.5413103,0.0,0.0,0.0,23.010664
413,0.54029816,0.0,0.0,0.0,24.22775
414,0.538602,0.0,0.0,0.0,26.726704
415,0.5385928,0.0,0.0,0.0,23.009214
416,0.5382502,0.0,0.0,0.0,20.987352
417,0.53399795,0.0,0.0,0.0,24.353819
418,0.53398967,0.0,0.0,0.0,24.278578
419,0.53308225,0.0,0.0,0.0,23.39653
420,0.53188187,0.0,0.0,0.0,27.579615
421,0.5317762,0.0,0.0,0.0,25.960434
422,0.53143764,0.0,0.0,0.0,23.322803
423,0.5304789,0.0,0.4298187,0.16729736,24.089783
424,0.52913064,0.0,0.0,0.0,20.978733
425,0.5285692,0.0,0.0,0.0,24.426916
426,0.52817833,0.0,0.0,0.0,23.441416
427,0.527503,0.0,0.0,0.0,24.276379
428,0.5273925,0.0,0.0,0.0,25.853548
429,0.52717716,0.0,0.0,0.0,24.644222
430,0.52547824,0.0,0.0,0.0,29.009857
431,0.52546567,0.0,0.0,0.0,23.299608
432,0.5245011,0.0,0.0,0.0,24.69902
433,0.52291346,0.0,0.0,0.0,24.625908
434,0.522614,0.0,0.0,0.0,26.427132
435,0.52259386,0.0,0.0,0.0,28.267733
436,0.5224498,0.0,0.0,0.0,25.918594
437,0.52228105,0.0,0.08350242,1.3741302,26.357637
438,0.5213904,0.0,0.0,0.0,24.72447
439,0.5203301,0.0,0.0,0.0,27.05269
440,0.51997715,0.0,0.0,0.0,19.723322
441,0.51951313,0.0,0.0,0.0,25.584658
442,0.51945424,0.0,0.0,0.0,23.88769
443,0.5172328,0.0,0.0,0.0,24.318918
444,0.51681024,0.0,0.0,0.0,23.646542
445,0.5161228,0.0,0.0,0.0,22.429628
446,0.51597655,0.0,0.0,0.0,24.85428
447,0.51575637,0.0,0.0,0.0,28.604355
448,0.515542,0.0,0.0,0.0,26.431517
449,0.51521015,0.0,0.0,0.0,20.816422
450,0.51517516,0.0,0.0,0.0,23.737915
451,0.51352406,0.0,0.0,0.0,23.134958
452,0.51325345,0.0,0.0,0.0,25.704569
453,0.5095029,0.0,0.0,0.0,24.794344
454,0.509452,0.0,0.0,0.0,25.168968
455,0.5092813,0.0,0.0,0.0,25.18049
456,0.5085922,0.0,0.0,0.0,21.879492
457,0.5084102,0.0,0.0,0.0,24.037964
458,0.5079261,0.0,0.0,0.0,22.253551
459,0.50768775,0.0,0.0,0.0,22.271244
460,0.5075391,0.0,0.0,0.0,25.817904
461,0.5073964,0.0,0.0,0.0,22.599096
462,0.506683,0.0,0.32373106,3.1292343,23.838667
463,0.50664306,0.0,0.0,0.0,23.564608
464,0.505812,0.0,0.0,0.0,24.47503
465,0.50579965,0.0,0.0,0.0,25.360888
466,0.5054602,0.0,0.0,0.0,29.17269
467,0.50385255,0.0,0.0,0.0,23.549084
468,0.50355065,0.0,0.0,0.0,19.392294
469,0.50345945,0.0,0.0,0.0,24.162376
470,0.50339496,0.0,0.0,0.0,24.994156
471,0.50236285,0.0,0.0,0.0,19.890785
472,0.5020184,0.0,0.0,0.0,19.514948
473,0.50103754,0.0,0.0,0.0,25.743965
474,0.50102466,0.0,0.0,0.0,25.861252
475,0.5000211,0.0,0.0,0.0,24.76298
476,0.4985084,0.0,0.0,0.0,23.353287
477,0.49815786,0.0,0.0,0.0,24.518593
478,0.49721605,0.0,0.0,0.0,25.241678
479,0.49446422,0.0,0.0,0.0,24.692629
480,0.49326116,0.0,0.0,0.0,25.437267
481,0.4931887,0.0,0.0,0.0,20.44063
482,0.49252012,0.0,0.0,0.0,25.575466
483,0.49162707,0.0,0.0,0.0,22.042318
484,0.49039626,0.0,0.0,0.0,23.894176
485,0.49010032,0.0,0.0,0.0,24.282114
486,0.49007347,0.0,0.0,0.0,24.31892
487,0.48828465,0.0,0.0,0.0,24.353632
488,0.48802736,0.0,0.0,0.0,20.391537
489,0.48755097,0.0,0.0,0.0,17.987123
490,0.48727667,0.0,0.0,0.0,24.41302
491,0.48693934,0.0,0.0,0.0,22.640282
492,0.48344797,0.0,0.0,0.0,24.661922
493,0.4830116,0.0,0.17974877,0.6355591,26.267937
494,0.4824546,0.0,0.0,0.0,26.648024
495,0.48235375,0.0,0.0,0.0,22.3374
496,0.4820559,0.0,0.0,0.0,26.081312
497,0.4809629,0.0,0.0,0.0,23.516113
498,0.48079377,0.0,0.0,0.0,26.787653
499,0.4805099,0.0,0.0,0.0,28.268024
500,0.48030466,0.0,0.023644459,0.13909912,23.515121
501,0.47917125,0.0,0.0,0.0,26.620733
502,0.47908193,0.0,0.0,0.0,23.466917
503,0.47800404,0.0,0.0,0.0,26.65687
504,0.47758424,0.0,0.0,0.0,24.919014
505,0.47614622,0.0,0.0,0.0,25.566864
506,0.47521806,0.0,0.0,0.0,21.600517
507,0.47516626,0.0,0.0,0.0,24.677513
508,0.47442278,0.0,0.0,0.0,23.348125
509,0.47437248,0.0,0.0,0.0,22.50704
510,0.4742283,0.0,0.0,0.0,19.3713
511,0.47333115,0.0,0.0,0.0,23.848503
512,0.4720149,0.0,0.0,0.0,24.178356
513,0.47162417,0.0,0.0,0.0,27.7881
514,0.47064534,0.0,0.0,0.0,24.516636
515,0.47001058,0.0,0.0,0.0,22.647625
516,0.46999484,0.0,0.0,0.0,22.569046
517,0.4694909,0.0,0.0,0.0,27.633377
518,0.46840435,0.0,0.0,0.0,26.374048
519,0.46821272,0.0,0.0,0.0,22.811945
520,0.4678718,0.0,0.0,0.0,16.596697
521,0.46710306,0.0,0.0,0.0,23.92624
522,0.46576428,0.0,0.0,0.0,29.072124
523,0.46518868,0.0,0.0,0.0,24.136051
524,0.46451542,0.0,6.6491855E-5,0.5907593,23.021788
525,0.46393132,0.0,0.0,0.0,20.928757
526,0.46170548,0.0,0.0,0.0,25.38972
527,0.46083117,0.0,0.0,0.0,18.790731
528,0.4603431,0.0,0.0,0.0,24.905107
529,0.45980322,0.0,0.0,0.0,20.3201
530,0.45908841,0.0,0.0,0.0,28.072895
531,0.4588867,0.0,0.0,0.0,26.396448
532,0.4581049,0.0,0.0,0.0,20.844616
533,0.45755067,0.0,0.0,0.0,25.971949
534,0.45741016,0.0,0.0,0.0,22.953342
535,0.45718086,0.0,0.0,0.0,27.1963
536,0.45634624,0.0,0.0,0.0,21.879095
537,0.45613644,0.0,0.0,0.0,26.974787
538,0.45291424,0.0,0.0,0.0,22.328554
539,0.45251983,0.0,0.0,0.0,21.827925
540,0.45100015,0.0,0.0,0.0,24.380434
541,0.45095176,0.0,0.0,0.0,24.480883
542,0.450838,0.0,0.0,0.0,29.232292
543,0.45081767,0.0,0.0,0.0,26.401056
544,0.4507359,0.0,0.0,0.0,20.914127
545,0.450341,0.0,0.0,0.0,22.232399
546,0.44975874,0.0,0.0,0.0,22.71067
547,0.4494056,0.0,0.0,0.0,24.231926
548,0.44912785,0.0,0.0,0.0,24.804216
549,0.44885537,0.0,0.0,0.0,22.461075
550,0.44836387,0.0,0.0,0.0,20.387678
551,0.4482274,0.0,0.0,0.0,30.568518
552,0.44745004,0.0,0.0,0.0,27.18825
553,0.44734293,0.0,0.0,0.0,24.479567
554,0.4471936,0.0,0.0,0.0,23.930817
555,0.44694743,0.0,0.0,0.0,24.582365
556,0.44691855,0.0,0.0,0.0,24.014763
557,0.44656453,0.0,0.0,0.0,21.525589
558,0.44631344,0.0,0.0,0.0,20.229702
559,0.44627255,0.0,0.0,0.0,22.424568
560,0.44590333,0.0,0.0,0.0,21.22344
561,0.44472176,0.0,0.0,0.0,23.269653
562,0.44441092,0.0,0.0,0.0,22.35048
563,0.44401816,0.0,0.0,0.0,25.538403
564,0.44390753,0.0,0.0,0.0,24.785252
565,0.44336754,0.0,0.0,0.0,25.619528
566,0.44332218,0.0,0.0,0.0,29.641132
567,0.44306117,0.0,0.0,0.0,21.946663
568,0.44267267,0.0,0.0,0.0,17.414558
569,0.44164783,0.0,0.0,0.0,20.608337
570,0.4409423,0.0,0.0,0.0,25.9097
571,0.44084346,0.0,0.0,0.0,25.271837
572,0.44058478,0.0,0.0,0.0,23.864683
573,0.44055378,0.0,0.0,0.0,21.964731
574,0.44043702,0.0,0.0,0.0,21.506191
575,0.43990993,0.0,0.0,0.0,20.07308
576,0.43814665,0.0,0.0,0.0,28.352646
577,0.43796918,0.0,0.0,0.0,24.166386
578,0.43793246,0.0,0.0,0.0,26.469734
579,0.43759036,0.0,0.12662649,1.6503296,22.238327
580,0.43737042,0.0,0.0,0.0,24.185219
581,0.4368986,0.0,0.0,0.0,31.890026
582,0.43660158,0.0,0.06283123,0.3415146,22.563223
583,0.435641,0.0,0.0,0.0,19.854029
584,0.4349472,0.0,0.0,0.0,23.674955
585,0.43469015,0.0,0.0,0.0,21.036627
586,0.43432575,0.0,0.0,0.0,21.777863
587,0.43419957,0.0,0.0,0.0,22.120613
588,0.43296325,0.0,0.0,0.0,24.206099
589,0.4324503,0.0,0.0,0.0,23.463297
590,0.43173295,0.0,0.0,0.0,14.703748
591,0.4314409,0.0,0.0,0.0,26.524727
592,0.43139547,0.0,0.0,0.0,24.775805
593,0.43121248,0.0,0.0,0.0,26.548975
594,0.43096566,0.0,0.0,0.0,26.615364
595,0.43034333,0.0,0.0,0.0,23.439028
596,0.43000454,0.0,0.0,0.0,26.924353
597,0.42876443,0.0,0.0,0.0,21.829391
598,0.4287327,0.0,0.0,0.0,21.762114
599,0.42763555,0.0,0.0,0.0,22.646008
600,0.42676675,0.0,0.0,0.0,28.515247
601,0.42665926,0.0,0.0,0.0,26.442772
602,0.42601353,0.0,0.0,0.0,24.56473
603,0.42507455,0.0,0.0,0.0,22.253595
604,0.4250192,0.0,0.0,0.0,25.709148
605,0.42395663,0.0,0.4226718,0.26867676,24.58506
606,0.42308524,0.0,0.0,0.0,26.727432
607,0.4226998,0.0,0.0,0.0,20.568287
608,0.4204163,0.0,0.0,0.0,26.0777
609,0.41964898,0.0,0.0,0.0,25.560219
610,0.4195737,0.0,0.0,0.0,25.888266
611,0.41872585,0.0,0.0,0.0,21.838036
612,0.4185603,0.0,0.0,0.0,24.328821
613,0.41847703,0.0,0.0,0.0,27.427914
614,0.41839337,0.0,0.0,0.0,22.923199
615,0.41707513,0.0,0.0,0.0,24.52846
616,0.4168586,0.0,0.30471385,0.6491699,22.833208
617,0.41570577,0.0,0.0,0.0,19.81523
618,0.41536447,0.0,0.0,0.0,25.810368
619,0.4152586,0.0,0.0,0.0,27.798878
620,0.4151609,0.0,0.0,0.0,24.658302
621,0.4150868,0.0,0.0,0.0,27.252266
622,0.4149694,0.0,0.0,0.0,23.895529
623,0.41414058,0.0,0.0,0.0,28.23904
624,0.41310918,0.0,0.0,0.0,24.672573
625,0.41276148,0.0,0.0,0.0,25.503185
626,0.41258243,0.0,0.0,0.0,25.371273
627,0.41194403,0.0,0.0,0.0,22.165607
628,0.41190636,0.0,0.0,0.0,23.761866
629,0.41071978,0.0,0.0,0.0,22.477833
630,0.41011912,0.0,0.0,0.0,23.498451
631,0.40919018,0.0,0.0,0.0,19.736534
632,0.4069436,0.0,0.0,0.0,23.434925
633,0.4063776,0.0,0.0,0.0,23.38169
634,0.40632775,0.0,0.0015977881,0.20637512,23.646534
635,0.40612847,0.0,0.0,0.0,25.132874
636,0.40497273,0.0,0.0,0.0,24.833443
637,0.40414584,0.0,0.0,0.0,24.801945
638,0.4040865,0.0,0.0,0.0,22.156773
639,0.40387547,0.0,0.0,0.0,26.017488
640,0.4033461,0.0,0.0,0.0,23.177528
641,0.40321022,0.0,0.0,0.0,23.491203
642,0.40313634,0.0,0.0,0.0,23.099524
643,0.40306562,0.0,0.0,0.0,25.499947
644,0.4029984,0.0,0.0,0.0,26.680346
645,0.40283835,0.0,0.0,0.0,27.518824
646,0.4026537,0.0,0.0,0.0,23.389324
647,0.40060097,0.0,0.0,0.0,24.793798
648,0.4004429,0.0,0.35381874,0.31118774,28.96342
649,0.40042055,0.0,0.0,0.0,28.292973
650,0.39930037,0.0,0.0,0.0,23.826677
651,0.39895523,0.0,0.0,0.0,25.831842
652,0.3984818,0.0,0.0,0.0,24.888472
653,0.39744136,0.0,0.0,0.0,24.463566
654,0.3973889,0.0,0.0,0.0,17.212528
655,0.39728516,0.0,0.313339,0.42851257,22.988003
656,0.3972528,0.0,0.0,0.0,21.920256
657,0.39712906,0.0,0.0,0.0,24.909634
658,0.39687467,0.0,0.0,0.0,18.277176
659,0.39593315,0.0,0.0,0.0,20.866323
660,0.39414564,0.0,0.16818824,0.8050232,22.015501
661,0.39385742,0.0,0.0,0.0,18.48847
662,0.3928479,0.0,0.0,0.0,21.979319
663,0.39196336,0.0,0.0,0.0,22.900064
664,0.3919503,0.0,0.0,0.0,24.844889
665,0.3918491,0.0,0.0,0.0,26.610088
666,0.3913055,0.0,0.0,0.0,25.036203
667,0.39117935,0.0,0.0,0.0,27.434168
668,0.3899775,0.0,0.0,0.0,23.166569
669,0.3896063,0.0,0.0,0.0,22.407513
670,0.38952968,0.0,0.0,0.0,25.188929
671,0.388534,0.0,0.04847927,0.8277588,22.467419
672,0.388297,0.0,0.0,0.0,28.171972
673,0.38823673,0.0,0.0,0.0,24.519228
674,0.3879137,0.0,0.0,0.0,17.03236
675,0.38780147,0.0,0.0,0.0,22.879972
676,0.38767374,0.0,0.3079265,0.41716003,23.999245
677,0.38687325,0.0,0.0,0.0,22.494892
678,0.38685977,0.0,0.0,0.0,23.319565
679,0.38646498,0.0,0.0,0.0,26.021816
680,0.38640165,0.0,0.0,0.0,20.859571
681,0.3860429,0.0,0.0,0.0,22.608389
682,0.3856796,0.0,0.0,0.0,23.42296
683,0.3852592,0.0,0.0,0.0,25.252787
684,0.38502538,0.0,0.0,0.0,23.885122
685,0.38469476,0.0,0.0,0.0,22.537783
686,0.38370928,0.0,0.0,0.0,22.826025
687,0.3833913,0.0,0.0,0.0,25.93337
688,0.38311383,0.0,0.0,0.0,24.377317
689,0.3826242,0.0,0.0,0.0,28.065683
690,0.3825512,0.0,0.0,0.0,20.033447
691,0.38231158,0.0,0.0,0.0,23.832634
692,0.3822658,0.0,0.0,0.0,28.60789
693,0.38209066,0.0,0.0,0.0,25.221855
694,0.38119355,0.0,0.0,0.0,23.97407
695,0.38077098,0.0,0.0,0.0,23.82748
696,0.38038084,0.0,0.0,0.0,27.020271
697,0.3801204,0.0,0.0,0.0,21.261002
698,0.3792189,0.0,0.0,0.0,23.169361
699,0.37908986,0.0,0.0,0.0,22.19559
700,0.37904364,0.0,0.0,0.0,24.392632
701,0.37899476,0.0,0.0,0.0,20.283247
702,0.37874147,0.0,0.0,0.0,21.465273
703,0.37871608,0.0,0.0,0.0,22.240976
704,0.37855735,0.0,0.0,0.0,19.92259
705,0.37808466,0.0,0.0,0.0,25.805716
706,0.37772748,0.0,0.0,0.0,18.634043
707,0.37685972,0.0,0.0,0.0,23.984333
708,0.3767555,0.0,0.0,0.0,23.352268
709,0.37631428,0.0,0.0,0.0,22.141314
710,0.37627113,0.0,0.0,0.0,24.77392
711,0.37612838,0.0,0.0,0.0,24.579056
712,0.37546563,0.0,0.30857125,0.2949829,27.111193
713,0.37523195,0.0,0.0,0.0,28.908455
714,0.3746557,0.0,0.0,0.0,23.935747
715,0.3745489,0.0,0.0,0.0,18.509905
716,0.37416524,0.0,0.0,0.0,26.22375
717,0.37408265,0.0,0.0,0.0,22.022434
718,0.37326476,0.0,0.0,0.0,26.302006
719,0.37311327,0.0,0.0,0.0,22.710003
720,0.37295824,0.0,0.0,0.0,26.27353
721,0.37293902,0.0,0.0,0.0,22.770855
722,0.37189758,0.0,0.0,0.0,21.777662
723,0.37143514,0.0,0.0,0.0,22.382639
724,0.37114912,0.0,0.0,0.0,26.528461
725,0.37108833,0.0,0.0,0.0,22.628798
726,0.371018,0.0,0.26268476,0.76904297,20.053627
727,0.3709516,0.0,0.0,0.0,24.099192
728,0.37069812,0.0,0.0,0.0,21.128817
729,0.3706506,0.0,0.0,0.0,25.925072
730,0.37051895,0.0,0.0,0.0,23.700369
731,0.37044677,0.0,0.0,0.0,24.627708
732,0.3703144,0.0,0.0,0.0,20.20728
733,0.36998358,0.0,0.0,0.0,22.149353
734,0.36985534,0.0,0.0,0.0,27.129404
735,0.36980253,0.0,0.0,0.0,26.86044
736,0.36933547,0.0,0.0,0.0,25.365211
737,0.369078,0.0,0.0,0.0,27.195742
738,0.3690715,0.0,0.0,0.0,24.997732
739,0.36882937,0.0,0.0,0.0,19.927362
740,0.36824417,0.0,0.0,0.0,21.397375
741,0.3675159,0.0,0.0,0.0,25.012564
742,0.36738497,0.0,0.0,0.0,15.444697
743,0.36726964,0.0,0.0,0.0,24.09993
744,0.3670737,0.0,0.0,0.0,26.125803
745,0.3669238,0.0,0.0,0.0,25.370035
746,0.36680686,0.0,0.0,0.0,22.532759
747,0.36649758,0.0,0.0,0.0,25.311996
748,0.36623153,0.0,0.0,0.0,23.296368
749,0.36606628,0.0,0.0,0.0,24.351828
750,0.36599106,0.0,0.0,0.0,25.707045
751,0.36500603,0.0,0.0,0.0,26.36308
752,0.36391902,0.0,0.0,0.0,25.313786
753,0.3636683,0.0,0.0,0.0,19.368254
754,0.36317736,0.0,0.0,0.0,22.278746
755,0.36312807,0.0,0.0,0.0,21.64546
756,0.36279494,0.0,0.0,0.0,25.548796
757,0.3622947,0.0,0.2809582,0.73739624,22.300425
758,0.36151665,0.0,0.0,0.0,25.867245
759,0.3613844,0.0,0.0,0.0,22.253532
760,0.36136094,0.0,0.0,0.0,25.18972
761,0.36135215,0.0,0.0,0.0,25.865486
762,0.3612382,0.0,0.0,0.0,21.020967
763,0.36091876,0.0,0.0,0.0,28.807056
764,0.36049026,0.0,0.0,0.0,28.195198
765,0.3603317,0.0,0.0,0.0,23.66728
766,0.36030412,0.0,0.0,0.0,29.634039
767,0.35945666,0.0,0.0,0.0,20.515606
768,0.35928658,0.0,0.0,0.0,22.985424
769,0.35920608,0.0,0.0,0.0,25.067635
770,0.35862318,0.0,0.0,0.0,25.53257
771,0.3584891,0.0,0.0,0.0,27.244701
772,0.35794097,0.0,0.0,0.0,26.46623
773,0.35725978,0.0,0.0,0.0,25.014614
774,0.3560342,0.0,0.0,0.0,19.185747
775,0.35599208,0.0,0.0059057586,0.8652344,22.4913
776,0.35564703,0.0,0.0,0.0,28.178102
777,0.3553421,0.0,1.9203695E-4,0.4189453,25.788332
778,0.35513443,0.0,0.0,0.0,19.795967
779,0.35467726,0.0,0.0,0.0,22.858513
780,0.35467,0.0,0.29909468,0.5928345,24.202486
781,0.35450518,0.0,0.0,0.0,24.62915
782,0.35420725,0.0,0.0,0.0,21.291697
783,0.3535413,0.0,0.0,0.0,27.67216
784,0.35338318,0.0,0.0,0.0,24.666069
785,0.3533389,0.0,0.0,0.0,29.338066
786,0.35330105,0.0,0.0,0.0,25.730871
787,0.35315865,0.0,0.0,0.0,28.031939
788,0.35282987,0.0,0.0,0.0,24.622646
789,0.35252285,0.0,0.0,0.0,24.437
790,0.35179636,0.0,0.0,0.0,26.596767
791,0.35170153,0.0,0.0,0.0,24.19979
792,0.3509518,0.0,0.0,0.0,23.188684
793,0.35054922,0.0,0.0,0.0,18.292227
794,0.3504997,0.0,0.0,0.0,23.190422
795,0.35004997,0.0,0.0,0.0,22.317091
796,0.34966645,0.0,0.0,0.0,23.95891
797,0.34928268,0.0,0.0,0.0,25.097486
798,0.3490823,0.0,0.0,0.0,25.662003
799,0.34804124,0.0,0.0,0.0,19.795898
800,0.3475716,0.0,0.0,0.0,20.079659
801,0.3473278,0.0,0.0,0.0,22.941618
802,0.3463095,0.0,0.0,0.0,27.392164
803,0.3462442,0.0,0.0,0.0,25.333052
804,0.34619167,0.0,0.0,0.0,30.823687
805,0.3460762,0.0,0.0,0.0,25.714703
806,0.3459813,0.0,0.0,0.0,24.206354
807,0.3450725,0.0,0.0,0.0,21.804499
808,0.34431237,0.0,0.0,0.0,25.87317
809,0.3441017,0.0,0.0,0.0,25.517948
810,0.34385335,0.0,0.0,0.0,24.606417
811,0.3437863,0.0,0.0,0.0,23.208422
812,0.3433232,0.0,0.0,0.0,26.189997
813,0.34306663,0.0,0.0,0.0,25.508013
814,0.3423825,0.0,0.0,0.0,22.22387
815,0.34179607,0.0,0.0,0.0,26.48304
816,0.3413368,0.0,0.0,0.0,20.13674
817,0.34089088,0.0,0.0,0.0,27.912252
818,0.33975112,0.0,0.0,0.0,26.12489
819,0.33971748,0.0,0.0,0.0,26.181154
820,0.3392675,0.0,0.0,0.0,25.746567
821,0.338335,0.0,0.0,0.0,20.21719
822,0.3382044,0.0,0.0,0.0,23.025759
823,0.33813614,0.0,0.0,0.0,20.900396
824,0.33810174,0.0,0.0,0.0,24.235094
825,0.3378942,0.0,0.0,0.0,22.569912
826,0.3374053,0.0,0.0,0.0,26.330412
827,0.33712867,0.0,0.0,0.0,22.97456
828,0.33682373,0.0,0.0,0.0,25.204767
829,0.336012,0.0,0.0,0.0,28.942104
830,0.33589414,0.0,0.0,0.0,25.597675
831,0.33582616,0.0,0.0,0.0,25.936749
832,0.33487508,0.0,0.0,0.0,18.559097
833,0.33453864,0.0,0.0,0.0,22.600075
834,0.3340127,0.0,0.0,0.0,25.733934
835,0.333696,0.0,0.0,0.0,24.35434
836,0.33367902,0.0,0.0,0.0,23.064499
837,0.33326533,0.0,0.0,0.0,18.950241
838,0.33294582,0.0,0.0,0.0,21.769047
839,0.332842,0.0,0.0,0.0,25.88897
840,0.3328417,0.0,0.0,0.0,25.190561
841,0.3328158,0.0,0.0,0.0,23.860302
842,0.332548,0.0,0.0,0.0,26.830067
843,0.3316639,0.0,0.0,0.0,24.880571
844,0.33162338,0.0,0.0,0.0,27.144958
845,0.33130094,0.0,0.0,0.0,26.762959
846,0.33106452,0.0,0.0,0.0,24.942307
847,0.33040264,0.0,0.0,0.0,27.43642
848,0.32992914,0.0,0.0,0.0,25.466106
849,0.32988748,0.0,0.0,0.0,24.908838
850,0.32979798,0.0,0.0,0.0,21.239119
851,0.3296456,0.0,0.0,0.0,26.629343
852,0.32937813,0.0,0.0,0.0,22.367836
853,0.32889396,0.0,0.0,0.0,22.876932
854,0.32746026,0.0,0.0,0.0,25.62151
855,0.3273716,0.0,0.0,0.0,23.642017
856,0.32719272,0.0,0.0,0.0,23.541975
857,0.32636726,0.0,0.0,0.0,23.045052
858,0.32611662,0.0,0.0,0.0,22.221043
859,0.32579046,0.0,0.0,0.0,22.950811
860,0.3254858,0.0,0.0,0.0,23.80749
861,0.32514313,0.0,0.0,0.0,26.198948
862,0.3251023,0.0,0.0,0.0,23.048023
863,0.32452932,0.0,0.0,0.0,25.530388
864,0.32438385,0.0,0.0,0.0,24.458212
865,0.3242039,0.0,0.0,0.0,26.132938
866,0.3241843,0.0,0.0017407407,0.34027863,24.813648
867,0.3241218,0.0,0.0,0.0,28.096716
868,0.3240019,0.0,0.0,0.0,23.393608
869,0.32374573,0.0,0.0,0.0,27.094885
870,0.32354772,0.0,0.0,0.0,23.078594
871,0.32307065,0.0,0.0,0.0,23.719673
872,0.32293797,0.0,0.0,0.0,25.183777
873,0.3226682,0.0,0.0,0.0,28.614964
874,0.32234997,0.0,0.0,0.0,28.35834
875,0.32222694,0.0,0.0,0.0,22.97038
876,0.32195294,0.0,0.0,0.0,24.14957
877,0.32094797,0.0,0.0,0.0,25.999926
878,0.32093212,0.0,0.0,0.0,27.746944
879,0.32076237,0.0,0.0,0.0,27.46862
880,0.32054338,0.0,0.0,0.0,26.25891
881,0.3205219,0.0,0.0,0.0,25.531015
882,0.3205112,0.0,0.0,0.0,24.01678
883,0.32025015,0.0,0.0,0.0,26.90174
884,0.3196956,0.0,0.0,0.0,20.460701
885,0.31936604,0.0,0.0,0.0,24.870523
886,0.31895962,0.0,0.0,0.0,21.671988
887,0.3187509,0.0,0.0,0.0,20.85154
888,0.31843746,0.0,0.0,0.0,33.494717
889,0.31838486,0.0,0.0,0.0,25.385004
890,0.31787413,0.0,0.0,0.0,25.695038
891,0.31781566,0.0,0.0,0.0,30.936783
892,0.31772292,0.0,0.0,0.0,19.327578
893,0.31764245,0.0,0.0,0.0,21.169685
894,0.31721509,0.0,0.0,0.0,24.501768
895,0.31705928,0.0,0.0,0.0,17.279348
896,0.31685555,0.0,0.0,0.0,24.81141
897,0.316691,0.0,0.0,0.0,27.120024
898,0.3165908,0.0,0.0,0.0,30.328375
899,0.31642538,0.0,0.0,0.0,19.674677
900,0.31561616,0.0,0.0,0.0,26.483652
901,0.31549817,0.0,0.0,0.0,23.064964
902,0.3150598,0.0,0.0,0.0,23.634014
903,0.3146692,0.0,0.0,0.0,23.050081
904,0.31450006,0.0,0.0,0.0,17.665005
905,0.31393045,0.0,0.0,0.0,21.357536
906,0.31391326,0.0,0.0,0.0,23.844975
907,0.31387576,0.0,0.0,0.0,0.0
908,0.3137397,0.0,0.0,0.0,17.798466
909,0.31348532,0.0,0.0,0.0,17.63995
910,0.31340882,0.0,0.0,0.0,27.868858
911,0.31307524,0.0,0.0,0.0,22.871214
912,0.31280717,0.0,0.0,0.0,28.890022
913,0.31242245,0.0,0.0,0.0,24.69691
914,0.31239194,0.0,0.0,0.0,24.726778
915,0.3123537,0.0,0.0,0.0,25.374514
916,0.3123526,0.0,0.0,0.0,22.762814
917,0.31209555,0.0,0.0,0.0,21.220036
918,0.31197193,0.0,0.0,0.0,25.33041
919,0.31176287,0.0,0.0,0.0,21.658718
920,0.31134585,0.0,0.0,0.0,23.587563
921,0.31134275,0.0,0.10740641,0.5448761,24.18883
922,0.31127214,0.0,0.0,0.0,21.181469
923,0.31107938,0.0,0.0,0.0,21.15238
924,0.3106558,0.0,0.0,0.0,24.672188
925,0.3105805,0.0,0.0,0.0,25.315506
926,0.31044412,0.0,0.0,0.0,25.203558
927,0.31020775,0.0,0.0,0.0,23.469307
928,0.30992776,0.0,0.0,0.0,22.886923
929,0.30938748,0.0,0.0,0.0,21.558603
930,0.30922788,0.0,0.0,0.0,25.925594
931,0.30895096,0.0,0.0,0.0,23.442677
932,0.30816296,0.0,0.0,0.0,24.384209
933,0.30790812,0.0,0.0,0.0,18.693573
934,0.30784655,0.0,0.0,0.0,25.666752
935,0.30762607,0.0,0.0,0.0,24.720182
936,0.30731526,0.0,0.0,0.0,27.545078
937,0.30731344,0.0,0.0,0.0,18.716118
938,0.3072072,0.0,0.0,0.0,24.949186
939,0.30686355,0.0,0.0,0.0,26.00116
940,0.30646625,0.0,0.0,0.0,22.991047
941,0.30646223,0.0,0.0,0.0,17.241795
942,0.30632037,0.0,0.0,0.0,21.829762
943,0.3058182,0.0,0.0,0.0,27.894516
944,0.3056156,0.0,0.0,0.0,23.02096
945,0.30505168,0.0,0.0,0.0,29.5641
946,0.30482382,0.0,0.0,0.0,24.362484
947,0.3045494,0.0,0.0,0.0,21.374794
948,0.30451545,0.0,0.0,0.0,20.717745
949,0.3040756,0.0,0.0,0.0,23.355297
950,0.3039734,0.0,0.0,0.0,18.90575
951,0.30382878,0.0,0.0,0.0,22.218824
952,0.30380648,0.0,0.0,0.0,28.43433
953,0.30366063,0.0,0.0,0.0,24.143303
954,0.30340427,0.0,0.0,0.0,28.819298
955,0.30331773,0.0,0.0,0.0,24.311808
956,0.30284202,0.0,0.0,0.0,21.422276
957,0.30274647,0.0,0.0,0.0,25.542892
958,0.30259037,0.0,0.0,0.0,25.279158
959,0.30236658,0.0,0.0,0.0,22.610435
960,0.30235103,0.0,0.0,0.0,26.542646
961,0.30165586,0.0,0.0,0.0,22.308712
962,0.3009023,0.0,0.0,0.0,19.657522
963,0.30061305,0.0,0.0,0.0,25.288546
964,0.3004362,0.0,0.0,0.0,26.110115
965,0.30027664,0.0,0.0,0.0,26.685644
966,0.30025518,0.0,0.0,0.0,21.989742
967,0.29915255,0.0,0.0,0.0,24.631207
968,0.299041,0.0,0.0,0.0,22.705992
969,0.29851505,0.0,0.0,0.0,23.261196
970,0.2981693,0.0,0.0,0.0,22.097925
971,0.29805654,0.0,0.0,0.0,23.719143
972,0.29800135,0.0,0.0,0.0,21.976162
973,0.2978241,0.0,0.0,0.0,17.723042
974,0.29750258,0.0,0.0,0.0,22.745253
975,0.2974403,0.0,0.0,0.0,20.20738
976,0.29741415,0.0,0.0,0.0,19.657701
977,0.29712653,0.0,0.0,0.0,22.091875
978,0.29708818,0.0,0.0,0.0,20.345379
979,0.29701382,0.0,0.0,0.0,24.201984
980,0.29681098,0.0,0.0,0.0,27.125961
981,0.2966807,0.0,0.0,0.0,25.070375
982,0.29656607,0.0,0.0,0.0,23.393005
983,0.29578555,0.0,0.0,0.0,21.610806
984,0.29567543,0.0,0.0,0.0,23.02394
985,0.29538527,0.0,0.0,0.0,23.178883
986,0.29493535,0.0,0.0,0.0,19.18784
987,0.29488727,0.0,0.0,0.0,19.327055
988,0.29481772,0.0,0.0,0.0,28.814623
989,0.29471228,0.0,0.0,0.0,22.96116
990,0.29465687,0.0,0.0,0.0,23.892492
991,0.29446903,0.0,0.0,0.0,25.207964
992,0.29442978,0.0,0.0,0.0,26.138851
993,0.29435986,0.0,0.0,0.0,23.646559
994,0.29421273,0.0,0.0,0.0,25.290989
995,0.2938076,0.0,0.24041015,0.1484375,27.229061
996,0.29352176,0.0,0.0,0.0,27.261074
997,0.29342648,0.0,0.0,0.0,23.971134
998,0.29331443,0.0,0.0,0.0,27.03654
999,0.2932988,0.0,0.0,0.0,27.533113
1000,0.29323885,0.0,0.0,0.0,28.920965
1001,0.29224324,0.0,0.0,0.0,25.274952
1002,0.29185003,0.0,0.0,0.0,25.110228
1003,0.29177612,0.0,0.0,0.0,18.279707
1004,0.29173088,0.0,0.0,0.0,21.266182
1005,0.2912584,0.0,0.0,0.0,20.053616
1006,0.29081395,0.0,0.0,0.0,26.825434
1007,0.29027653,0.0,0.0,0.0,25.06085
1008,0.2899913,0.0,0.0,0.0,25.63064
1009,0.28983214,0.0,0.0,0.0,24.545193
1010,0.28975275,0.0,0.0,0.0,29.1002
1011,0.28951395,0.0,0.0,0.0,25.83803
1012,0.28946027,0.0,0.0,0.0,27.66061
1013,0.28912032,0.0,0.0,0.0,26.902628
1014,0.28888035,0.0,0.0,0.0,29.11122
1015,0.28884006,0.0,0.0,0.0,25.719107
1016,0.28878284,0.0,0.0,0.0,23.777046
1017,0.28852496,0.0,0.0,0.0,24.15684
1018,0.28817827,0.0,0.0,0.0,22.638588
1019,0.2879773,0.0,0.0,0.0,28.85038
1020,0.2878421,0.0,0.0,0.0,22.388226
1021,0.2877462,0.0,0.0,0.0,26.632109
1022,0.28754184,0.0,0.0,0.0,19.776041
1023,0.2874926,0.0,0.0,0.0,24.42823
1024,0.28738,0.0,0.07158587,0.04384613,25.138502
1025,0.2872687,0.0,0.0,0.0,21.808355
1026,0.2872101,0.0,0.0,0.0,25.697447
1027,0.2871892,0.0,0.0,0.0,22.187521
1028,0.28698742,0.0,0.0,0.0,27.472715
1029,0.2868162,0.0,0.0,0.0,19.99913
1030,0.28644156,0.0,0.0,0.0,23.09043
1031,0.28633583,0.0,0.0,0.0,17.967047
1032,0.2863239,0.0,0.0,0.0,25.37298
1033,0.2861729,0.0,0.0,0.0,19.794243
1034,0.28568938,0.0,0.0,0.0,28.111845
1035,0.28536105,0.0,0.0,0.0,29.359661
1036,0.28531864,0.0,0.0,0.0,26.343897
1037,0.2852612,0.0,0.01649653,0.35458374,27.621277
1038,0.28514558,0.0,0.0,0.0,26.781498
1039,0.28501418,0.0,0.0,0.0,27.194374
1040,0.28481752,0.0,0.0,0.0,21.306904
1041,0.28446037,0.0,0.0,0.0,25.614466
1042,0.28429142,0.0,0.0,0.0,22.549986
1043,0.28410226,0.0,0.0,0.0,25.612411
1044,0.28399467,0.0,0.0,0.0,19.92971
1045,0.28368497,0.0,0.0,0.0,27.697102
1046,0.28354144,0.0,0.0,0.0,26.124409
1047,0.28208232,0.0,0.0,0.0,22.640997
1048,0.28196388,0.0,0.0,0.0,23.93287
1049,0.28187323,0.0,0.0,0.0,23.211576
1050,0.2813936,0.0,0.0,0.0,24.973173
1051,0.28126994,0.0,0.0,0.0,20.45815
1052,0.280882,0.0,0.0,0.0,25.938534
1053,0.28087443,0.0,0.0,0.0,28.224482
1054,0.28070262,0.0,0.0,0.0,25.664476
1055,0.28060222,0.0,0.0,0.0,24.954378
1056,0.28057727,0.0,0.0,0.0,24.912899
1057,0.2802466,0.0,0.0,0.0,22.322672
1058,0.28013876,0.0,0.0,0.0,24.60754
1059,0.27983862,0.0,0.0,0.0,20.815863
1060,0.2794867,0.0,0.0,0.0,23.524132
1061,0.27940392,0.0,0.0,0.0,21.981466
1062,0.27910697,0.0,0.0,0.0,24.941816
1063,0.2786919,0.0,0.0,0.0,21.638313
1064,0.27856708,0.0,0.0,0.0,23.143196
1065,0.27799353,0.0,0.0,0.0,18.686615
1066,0.2779032,0.0,0.0,0.0,24.310247
1067,0.27744165,0.0,0.0,0.0,24.883224
1068,0.27744025,0.0,0.0,0.0,24.66597
1069,0.27742484,0.0,0.0,0.0,23.804188
1070,0.27715686,0.0,0.0,0.0,27.154816
1071,0.27706838,0.0,0.0,0.0,24.962566
1072,0.27668595,0.0,0.0,0.0,27.733484
1073,0.27667037,0.0,0.0,0.0,22.113838
1074,0.2764798,0.0,0.0,0.0,22.636969
1075,0.27620095,0.0,0.0,0.0,24.450705
1076,0.27588075,0.0,0.0,0.0,27.66961
1077,0.27522224,0.0,0.0,0.0,21.38659
1078,0.27511606,0.0,0.0,0.0,24.169493
1079,0.2750774,0.0,0.0,0.0,21.290998
1080,0.27506074,0.0,0.0,0.0,22.388973
1081,0.2750468,0.0,0.0,0.0,26.701014
1082,0.275009,0.0,0.0,0.0,25.388895
1083,0.27494293,0.0,0.0,0.0,27.236773
1084,0.2747212,0.0,0.0,0.0,28.23317
1085,0.2745567,0.0,0.0,0.0,24.215504
1086,0.27450472,0.0,0.0,0.0,27.30821
1087,0.27408636,0.0,0.0,0.0,26.757782
1088,0.2740137,0.0,0.0,0.0,25.428583
1089,0.27364302,0.0,0.0,0.0,19.942171
1090,0.27327764,0.0,0.0,0.0,17.588436
1091,0.27324086,0.0,0.0,0.0,26.644068
1092,0.27266386,0.0,0.0,0.0,22.43939
1093,0.27231672,0.0,0.0,0.0,25.029985
1094,0.2722724,0.0,0.0,0.0,20.325108
1095,0.2719953,0.0,0.0,0.0,29.030348
1096,0.2719808,0.0,0.0,0.0,20.73653
1097,0.2709053,0.0,0.0,0.0,23.850868
1098,0.27069685,0.0,0.0,0.0,25.405762
1099,0.27058,0.0,0.0,0.0,23.213171
1100,0.27054268,0.0,0.0,0.0,23.244505
1101,0.2705076,0.0,0.0,0.0,25.14819
1102,0.27011833,0.0,0.0,0.0,26.67081
1103,0.26951376,0.0,0.0,0.0,23.145905
1104,0.26915616,0.0,0.0,0.0,23.97813
1105,0.26873586,0.0,0.0,0.0,24.732616
1106,0.2680068,0.0,0.0,0.0,30.017609
1107,0.2677537,0.0,0.0,0.0,23.626507
1108,0.26770407,0.0,0.0,0.0,23.750633
1109,0.2673028,0.0,0.0,0.0,21.802135
1110,0.26722106,0.0,0.0,0.0,20.970707
1111,0.26681507,0.0,0.0,0.0,25.511969
1112,0.2667721,0.0,0.0,0.0,18.36038
1113,0.2660091,0.0,0.0,0.0,22.383245
1114,0.26575196,0.0,0.0,0.0,18.54576
1115,0.26573965,0.0,0.0,0.0,26.207592
1116,0.26567346,0.0,0.0,0.0,25.231602
1117,0.26540422,0.0,0.0,0.0,24.645975
1118,0.26517203,0.0,0.0,0.0,24.982695
1119,0.26494026,0.0,0.0,0.0,24.431694
1120,0.26494002,0.0,0.0,0.0,23.173018
1121,0.2647131,0.0,0.0,0.0,24.64052
1122,0.2645539,0.0,0.0,0.0,23.393934
1123,0.2642864,0.0,0.0,0.0,25.23394
1124,0.2640698,0.0,0.0,0.0,23.627275
1125,0.26387474,0.0,0.0,0.0,23.457785
1126,0.26346734,0.0,0.0,0.0,23.372393
1127,0.2633745,0.0,0.0,0.0,22.206573
1128,0.26302168,0.0,0.0,0.0,20.977049
1129,0.26271945,0.0,0.0,0.0,22.506174
1130,0.2626319,0.0,0.0,0.0,23.010464
1131,0.26252577,0.0,0.0,0.0,22.311134
1132,0.26246166,0.0,0.0,0.0,23.606812
1133,0.2623829,0.0,0.0,0.0,28.107254
1134,0.26234522,0.0,0.0,0.0,21.167843
1135,0.2620049,0.0,0.0,0.0,24.668974
1136,0.26194227,0.0,0.0,0.0,25.500874
1137,0.26180702,0.0,0.0,0.0,23.3429
1138,0.26153186,0.0,0.0,0.0,25.42642
1139,0.26147416,0.0,0.0,0.0,25.214123
1140,0.26144233,0.0,0.0,0.0,23.341238
1141,0.26140362,0.0,0.0,0.0,20.30696
1142,0.26130843,0.0,0.0,0.0,26.584465
1143,0.26088706,0.0,0.0,0.0,23.160864
1144,0.2608117,0.0,0.0,0.0,23.175932
1145,0.2607087,0.0,0.0,0.0,27.706339
1146,0.2605063,0.0,0.0,0.0,23.047588
1147,0.2603041,0.0,0.0,0.0,21.088629
1148,0.25980753,0.0,0.0,0.0,23.672901
1149,0.25939918,0.0,0.0,0.0,27.16616
1150,0.2593849,0.0,0.0,0.0,24.34876
1151,0.25896397,0.0,0.0,0.0,25.221413
1152,0.25859028,0.0,0.0,0.0,25.730618
1153,0.25826445,0.0,0.0,0.0,22.639896
1154,0.25815675,0.0,0.0,0.0,20.88542
1155,0.2577963,0.0,0.0,0.0,26.951767
1156,0.25770992,0.0,0.0,0.0,23.867306
1157,0.25727567,0.0,0.0,0.0,19.407963
1158,0.25711358,0.0,0.0,0.0,22.527
1159,0.25677395,0.0,0.0,0.0,24.50113
1160,0.25646272,0.0,0.0,0.0,21.973745
1161,0.25596115,0.0,0.0,0.0,22.41251
1162,0.2555189,0.0,0.0,0.0,21.891571
1163,0.25510472,0.0,0.0,0.0,22.324389
1164,0.25462592,0.0,0.0,0.0,23.934347
1165,0.25447366,0.0,0.0,0.0,21.651293
1166,0.25440365,0.0,0.0,0.0,25.34999
1167,0.2543661,0.0,0.07028186,0.17611694,24.238825
1168,0.2541126,0.0,0.0,0.0,23.103447
1169,0.25403896,0.0,0.0,0.0,22.361155
1170,0.25385875,0.0,0.0,0.0,25.26305
1171,0.25363028,0.0,0.0,0.0,18.967419
1172,0.2532463,0.0,0.0,0.0,24.843996
1173,0.2531767,0.0,0.0,0.0,25.179802
1174,0.2531261,0.0,0.0,0.0,25.564465
1175,0.25170794,0.0,0.0,0.0,26.159084
1176,0.25038257,0.0,0.0,0.0,20.797617
1177,0.2500927,0.0,0.047661476,2.3542862,23.257633
1178,0.24999456,0.0,0.0,0.0,25.29996
1179,0.24972123,0.0,0.0,0.0,27.068867
1180,0.24944535,0.0,0.0,0.0,21.851631
1181,0.24928872,0.0,0.0,0.0,18.992764
1182,0.24922283,0.0,0.0,0.0,25.571795
1183,0.24912028,0.0,0.0,0.0,21.777323
1184,0.24911207,0.0,0.0,0.0,24.512985
1185,0.24880248,0.0,0.0,0.0,24.82281
1186,0.24829498,0.0,0.0,0.0,21.114838
1187,0.24825235,0.0,0.0,0.0,26.260798
1188,0.24800664,0.0,0.0,0.0,20.794928
1189,0.24778417,0.0,0.0,0.0,22.961298
1190,0.24728765,0.0,0.0,0.0,24.827438
1191,0.24723773,0.0,0.0,0.0,24.724403
1192,0.24670857,0.0,0.0,0.0,22.163166
1193,0.24619773,0.0,0.0,0.0,23.028156
1194,0.24583018,0.0,0.0,0.0,23.600792
1195,0.24581662,0.0,0.0,0.0,25.824425
1196,0.24557558,0.0,0.0,0.0,16.900776
1197,0.24542901,0.0,0.0,0.0,24.830297
1198,0.24537997,0.0,0.0,0.0,25.88092
1199,0.2450043,0.0,0.054438718,2.0984192,30.22498
1200,0.24471696,0.0,0.0,0.0,23.739414
1201,0.24401248,0.0,0.0,0.0,24.031477
1202,0.24369618,0.0,0.0,0.0,23.404625
1203,0.24352716,0.0,0.0,0.0,25.288454
1204,0.24321312,0.0,0.0,0.0,23.232191
1205,0.24305964,0.0,0.0,0.0,18.146729
1206,0.24292251,0.0,0.0,0.0,23.646938
1207,0.24262987,0.0,0.0,0.0,24.00868
1208,0.24236104,0.0,0.0,0.0,24.704206
1209,0.24184217,0.0,0.0,0.0,23.031052
1210,0.2418324,0.0,0.0,0.0,25.622255
1211,0.24174285,0.0,0.0,0.0,24.30009
1212,0.24169634,0.0,0.0,0.0,26.831022
1213,0.24153781,0.0,0.0,0.0,24.084414
1214,0.24143708,0.0,0.0,0.0,23.549004
1215,0.24140534,0.0,0.0,0.0,30.20225
1216,0.24137,0.0,0.0,0.0,25.585672
1217,0.24127197,0.0,0.0,0.0,24.38658
1218,0.24121006,0.0,0.0,0.0,25.0678
1219,0.24120933,0.0,0.0,0.0,23.866604
1220,0.24096395,0.0,0.0,0.0,27.196037
1221,0.24073829,0.0,0.0,0.0,26.512203
1222,0.23973377,0.0,0.0,0.0,22.180025
1223,0.23914954,0.0,0.0,0.0,23.19158
1224,0.23900782,0.0,0.0,0.0,19.639952
1225,0.23844825,0.0,0.0,0.0,22.97097
1226,0.23816466,0.0,0.0,0.0,25.791811
1227,0.23802073,0.0,0.0,0.0,23.420013
1228,0.23793766,0.0,0.0,0.0,25.828642
1229,0.2371077,0.0,0.0,0.0,26.423313
1230,0.23695719,0.0,0.0,0.0,27.261705
1231,0.23677339,0.0,0.0,0.0,28.613188
1232,0.23647143,0.0,0.0,0.0,23.486712
1233,0.2362776,0.0,0.0,0.0,33.724636
1234,0.23620506,0.0,0.0,0.0,21.752499
1235,0.23583128,0.0,0.0,0.0,18.46255
1236,0.2357737,0.0,0.0,0.0,26.097412
1237,0.23558128,0.0,0.0,0.0,20.988155
1238,0.23508258,0.0,0.0,0.0,26.365753
1239,0.23364958,0.0,0.0,0.0,25.202078
1240,0.23322007,0.0,0.0,0.0,23.807093
1241,0.23306057,0.0,0.0,0.0,22.8822
1242,0.23280622,0.0,0.0,0.0,19.949566
1243,0.23259512,0.0,0.0,0.0,24.564144
1244,0.23248813,0.0,0.0,0.0,30.96964
1245,0.23178256,0.0,0.0,0.0,26.657534
1246,0.23152073,0.0,0.07759336,0.046028137,18.797794
1247,0.23148377,0.0,0.0,0.0,25.182022
1248,0.23127687,0.0,0.0,0.0,20.31763
1249,0.23125064,0.0,0.0,0.0,25.049322
1250,0.2309666,0.0,0.0,0.0,26.877758
1251,0.23068906,0.0,0.0,0.0,23.56462
1252,0.23034877,0.0,0.0,0.0,25.059551
1253,0.23026136,0.0,0.0,0.0,29.73745
1254,0.23023646,0.0,0.0,0.0,23.964611
1255,0.23021436,0.0,0.0,0.0,21.255075
1256,0.22983125,0.0,0.0,0.0,22.929546
1257,0.22979517,0.0,0.0,0.0,20.015606
1258,0.22959779,0.0,1.6374905E-5,0.100128174,26.290789
1259,0.22935456,0.0,0.0,0.0,26.382185
1260,0.22862227,0.0,0.0,0.0,25.396996
1261,0.22856753,0.0,0.0,0.0,28.377201
1262,0.22855988,0.0,0.0,0.0,24.349178
1263,0.22746581,0.0,0.0,0.0,20.450222
1264,0.22736557,0.0,0.0,0.0,23.119396
1265,0.22734171,0.0,0.0,0.0,23.633904
1266,0.22720842,0.0,0.0,0.0,22.162682
1267,0.22717504,0.0,0.0,0.0,26.733616
1268,0.22711538,0.0,0.0,0.0,21.29167
1269,0.22702295,0.0,0.0,0.0,25.34856
1270,0.22665839,0.0,0.0,0.0,27.258524
1271,0.22658451,0.0,0.0,0.0,23.300085
1272,0.22623742,0.0,0.0,0.0,24.018343
1273,0.22621791,0.0,0.0,0.0,20.472979
1274,0.22606526,0.0,0.0,0.0,25.636894
1275,0.22532232,0.0,0.0,0.0,24.990961
1276,0.22530201,0.0,0.0,0.0,23.201117
1277,0.22522709,0.0,0.0,0.0,22.386553
1278,0.22510448,0.0,0.0,0.0,21.061094
1279,0.2247597,0.0,0.0,0.0,26.342651
1280,0.22472243,0.0,0.0,0.0,26.916885
1281,0.22466457,0.0,0.0,0.0,25.546352
1282,0.22424133,0.0,0.0,0.0,22.622948
1283,0.22392671,0.0,0.0,0.0,24.15459
1284,0.22383887,0.0,0.0,0.0,23.865416
1285,0.2236443,0.0,0.0,0.0,21.351257
1286,0.22352494,0.0,0.0,0.0,29.737112
1287,0.22351143,0.0,0.0,0.0,22.53671
1288,0.22345856,0.0,0.0,0.0,30.881647
1289,0.22311807,0.0,0.0,0.0,30.75959
1290,0.22257927,0.0,0.0,0.0,23.818138
1291,0.22244023,0.0,0.0,0.0,25.317734
1292,0.2224393,0.0,0.0,0.0,20.885763
1293,0.22238404,0.0,0.0,0.0,27.365507
1294,0.2223091,0.0,0.0,0.0,28.339827
1295,0.22224355,0.0,0.0,0.0,22.427183
1296,0.22193404,0.0,0.0,0.0,19.771797
1297,0.22186668,0.0,0.0,0.0,18.786222
1298,0.22183152,0.0,0.0,0.0,24.646801
1299,0.22181636,0.0,0.0,0.0,25.071508
1300,0.22170186,0.0,0.0,0.0,22.771444
1301,0.22156438,0.0,0.0,0.0,28.824413
1302,0.2212767,0.0,0.0,0.0,28.843397
1303,0.21950138,0.0,0.0,0.0,23.82177
1304,0.2192931,0.0,0.0,0.0,20.796932
1305,0.2192317,0.0,0.0,0.0,22.487759
1306,0.21885109,0.0,0.0,0.0,16.660812
1307,0.21861048,0.0,0.0,0.0,25.536842
1308,0.21858868,0.0,0.0,0.0,21.541325
1309,0.21854651,0.0,0.0,0.0,26.183504
1310,0.21826313,0.0,0.0,0.0,20.792562
1311,0.21822006,0.0,0.0,0.0,20.791662
1312,0.21818994,0.0,0.0,0.0,26.099226
1313,0.21813604,0.0,0.0,0.0,31.424889
1314,0.21806958,0.0,0.0,0.0,21.160818
1315,0.218031,0.0,0.0,0.0,26.47786
1316,0.2178171,0.0,0.0,0.0,27.206043
1317,0.21768677,0.0,0.0,0.0,22.392038
1318,0.21750633,0.0,0.0,0.0,25.137789
1319,0.2174107,0.0,0.0,0.0,17.988268
1320,0.2167977,0.0,0.0,0.0,21.809624
1321,0.21669711,0.0,0.0,0.0,21.381788
1322,0.21653283,0.0,0.0,0.0,27.02221
1323,0.21643762,0.0,0.0,0.0,27.914568
1324,0.21626183,0.0,0.0,0.0,24.361513
1325,0.21622191,0.0,0.0,0.0,20.734917
1326,0.21600276,0.0,0.0,0.0,25.621252
1327,0.2157562,0.0,0.0,0.0,23.312952
1328,0.21565494,0.0,0.0,0.0,27.82345
1329,0.2155441,0.0,0.0,0.0,20.101782
1330,0.21516219,0.0,0.0,0.0,21.121002
1331,0.21498862,0.0,0.0,0.0,24.586084
1332,0.21494304,0.0,0.0,0.0,26.17675
1333,0.21470678,0.0,0.0,0.0,26.604269
1334,0.21460083,0.0,0.0,0.0,29.047838
1335,0.21459398,0.0,0.0,0.0,22.49258
1336,0.21449733,0.0,0.0,0.0,27.254042
1337,0.21424468,0.0,0.0,0.0,19.642572
1338,0.2140556,0.0,0.0,0.0,27.081947
1339,0.21378112,0.0,0.0,0.0,21.372587
1340,0.21371752,0.0,0.0,0.0,23.617006
1341,0.21335047,0.0,0.0,0.0,25.37785
1342,0.21320593,0.0,0.0,0.0,25.1642
1343,0.21290281,0.0,0.0,0.0,24.986649
1344,0.21261382,0.0,0.0,0.0,18.769115
1345,0.21233891,0.0,0.0,0.0,24.828602
1346,0.2123241,0.0,0.0,0.0,22.831656
1347,0.21216537,0.0,0.0,0.0,25.83589
1348,0.21214066,0.0,0.0,0.0,26.831142
1349,0.21188922,0.0,0.0,0.0,23.573729
1350,0.21180496,0.0,0.0,0.0,21.297157
1351,0.21166006,0.0,0.0,0.0,23.74356
1352,0.21113093,0.0,0.0,0.0,26.2345
1353,0.21096388,0.0,0.0,0.0,29.167204
1354,0.21095647,0.0,0.0,0.0,24.360357
1355,0.21060401,0.0,0.0,0.0,26.82028
1356,0.21026216,0.0,0.0,0.0,19.784983
1357,0.21008638,0.0,0.0,0.0,20.90295
1358,0.21003918,0.0,0.0,0.0,23.333368
1359,0.20996433,0.0,0.0,0.0,23.133734
1360,0.209746,0.0,0.0,0.0,24.026468
1361,0.20963216,0.0,0.0,0.0,20.345034
1362,0.20907831,0.0,0.0,0.0,17.945045
1363,0.20881051,0.0,0.0,0.0,20.972963
1364,0.20880188,0.0,0.0,0.0,26.992073
1365,0.20876731,0.0,0.0,0.0,23.534079
1366,0.20855272,0.0,0.0,0.0,22.373894
1367,0.2085199,0.0,0.0,0.0,27.041092
1368,0.20822191,0.0,0.001297628,0.2142334,25.620718
1369,0.20783737,0.0,0.0,0.0,22.905869
1370,0.20782001,0.0,0.0,0.0,26.942432
1371,0.20773977,0.0,0.0,0.0,27.828892
1372,0.20743494,0.0,0.0,0.0,30.11779
1373,0.20723899,0.0,0.0,0.0,22.628181
1374,0.20719555,0.0,0.0,0.0,23.152834
1375,0.20706676,0.0,0.0,0.0,21.458485
1376,0.20660682,0.0,0.0,0.0,25.908966
1377,0.20657867,0.0,0.0,0.0,24.277615
1378,0.20631494,0.0,0.0,0.0,22.860855
1379,0.2061667,0.0,0.0,0.0,27.14927
1380,0.2060902,0.0,0.0,0.0,25.120672
1381,0.2059963,0.0,0.0,0.0,20.438015
1382,0.2058764,0.0,0.0,0.0,24.200417
1383,0.20571867,0.0,0.0,0.0,22.85241
1384,0.20538966,0.0,0.0,0.0,22.626102
1385,0.20527801,0.0,0.0,0.0,26.821966
1386,0.20446754,0.0,0.0,0.0,17.980587
1387,0.20439959,0.0,0.15637933,0.19325256,20.467966
1388,0.20430267,0.0,0.0,0.0,22.769102
1389,0.20391074,0.0,0.0,0.0,23.399233
1390,0.20340121,0.0,0.0,0.0,25.369537
1391,0.2033215,0.0,0.0,0.0,24.61477
1392,0.20323047,0.0,0.0,0.0,27.363441
1393,0.20289457,0.0,0.0,0.0,20.36784
1394,0.20278159,0.0,0.0,0.0,26.775578
1395,0.20242459,0.0,0.0,0.0,21.815456
1396,0.20234594,0.0,0.0,0.0,28.707584
1397,0.20225462,0.0,0.0,0.0,22.893665
1398,0.20185189,0.0,0.0,0.0,25.361275
1399,0.20121884,0.0,0.0,0.0,25.244955
1400,0.20103866,0.0,0.0,0.0,26.056816
1401,0.20097843,0.0,0.0,0.0,16.241554
1402,0.20078702,0.0,0.0,0.0,24.076378
1403,0.20068665,0.0,1.7765809E-4,0.0491333,23.115187
1404,0.20046183,0.0,0.0,0.0,27.804628
1405,0.20023546,0.0,0.0,0.0,23.631437
1406,0.20022455,0.0,0.0,0.0,24.805847
1407,0.20020379,0.0,0.0,0.0,24.574408
1408,0.20010115,0.0,0.0,0.0,22.892609
1409,0.19955309,0.0,0.0,0.0,24.495886
1410,0.19948392,0.0,0.0,0.0,25.52023
1411,0.19935134,0.0,0.0,0.0,22.343336
1412,0.19932105,0.0,0.0,0.0,23.89383
1413,0.1992389,0.0,0.0,0.0,27.079256
1414,0.19921187,0.0,0.0,0.0,29.81487
1415,0.1990765,0.0,0.0,0.0,25.613033
1416,0.19866732,0.0,0.0,0.0,22.369268
1417,0.19864464,0.0,0.0,0.0,23.494465
1418,0.19852363,0.0,0.0,0.0,21.121891
1419,0.19848011,0.0,0.0,0.0,25.66353
1420,0.19837032,0.0,0.0,0.0,23.674828
1421,0.19816692,0.0,0.0,0.0,21.389904
1422,0.19813153,0.0,0.0,0.0,22.256147
1423,0.19810319,0.0,0.0,0.0,26.114204
1424,0.19803761,0.0,0.0,0.0,25.677359
1425,0.1979786,0.0,0.0,0.0,25.62543
1426,0.19743913,0.0,0.0,0.0,21.84025
1427,0.1971406,0.0,0.0,0.0,25.449732
1428,0.1969286,0.0,0.0,0.0,21.400644
1429,0.19673792,0.0,0.0,0.0,27.765469
1430,0.19648325,0.0,0.0035473742,0.33540344,24.68297
1431,0.1964478,0.0,0.0,0.0,23.038185
1432,0.19634819,0.0,0.0,0.0,19.710773
1433,0.19604504,0.0,0.0,0.0,24.201433
1434,0.19579995,0.0,0.0,0.0,24.849218
1435,0.1955697,0.0,0.0,0.0,25.354273
1436,0.19541888,0.0,0.0,0.0,24.846985
1437,0.19536607,0.0,0.0,0.0,17.132898
1438,0.195007,0.0,0.11729333,0.056884766,26.37711
1439,0.19477087,0.0,0.0,0.0,28.56562
1440,0.19445705,0.0,0.0,0.0,24.139597
1441,0.19439605,0.0,0.0,0.0,20.968792
1442,0.19409335,0.0,0.0,0.0,26.623137
1443,0.19408362,0.0,0.0,0.0,24.71344
1444,0.19385025,0.0,0.0,0.0,26.934145
1445,0.19376203,0.0,0.0,0.0,25.227335
1446,0.19332217,0.0,0.0,0.0,26.96776
1447,0.19330612,0.0,0.0,0.0,24.986843
1448,0.19327067,0.0,0.0,0.0,27.262363
1449,0.19306348,0.0,0.0,0.0,26.301554
1450,0.19300398,0.0,0.0,0.0,21.784916
1451,0.19289175,0.0,0.0,0.0,21.580376
1452,0.19285773,0.0,0.0,0.0,25.051928
1453,0.1927333,0.0,0.0,0.0,22.902958
1454,0.19267279,0.0,0.0,0.0,26.376638
1455,0.19228283,0.0,0.0,0.0,23.901539
1456,0.19213393,0.0,0.0,0.0,21.72675
1457,0.19192073,0.0,0.0,0.0,23.094446
1458,0.19182749,0.0,0.0,0.0,17.99754
1459,0.19174668,0.0,0.0,0.0,22.632633
1460,0.1917005,0.0,0.0,0.0,25.444736
1461,0.19156046,0.0,0.0,0.0,21.22787
1462,0.19143088,0.0,0.0,0.0,22.12592
1463,0.19096933,0.0,0.044348285,0.41651917,22.423077
1464,0.19094978,0.0,0.0,0.0,25.818499
1465,0.19089939,0.0,0.0,0.0,29.483595
1466,0.19067168,0.0,0.0,0.0,21.811142
1467,0.19064192,0.0,0.0,0.0,24.99239
1468,0.19049913,0.0,0.0,0.0,16.882532
1469,0.19006862,0.0,0.0,0.0,24.01062
1470,0.1897923,0.0,0.0,0.0,21.432959
1471,0.18935238,0.0,0.0,0.0,25.238346
1472,0.18934669,0.0,0.0,0.0,21.309772
1473,0.18892147,0.0,0.0,0.0,26.30056
1474,0.18876189,0.0,0.0,0.0,19.280079
1475,0.18857013,0.0,0.0,0.0,23.822704
1476,0.18850964,0.0,0.0,0.0,24.5839
1477,0.18843687,0.0,0.0,0.0,22.411043
1478,0.18780358,0.0,0.0,0.0,24.487265
1479,0.18780291,0.0,0.0,0.0,20.337784
1480,0.1874698,0.0,0.0,0.0,27.967537
1481,0.18714094,0.0,0.0,0.0,24.64275
1482,0.18675642,0.0,0.0,0.0,21.314898
1483,0.18675226,0.0,0.0,0.0,21.877554
1484,0.18658334,0.0,0.0,0.0,24.701132
1485,0.1862958,0.0,0.0,0.0,22.047546
1486,0.18626773,0.0,0.0,0.0,22.588364
1487,0.18561949,0.0,0.0,0.0,23.100138
1488,0.18542846,0.0,0.0,0.0,23.077757
1489,0.18518336,0.0,0.0,0.0,25.102098
1490,0.18500419,0.0,0.0,0.0,24.532452
1491,0.18491352,0.0,0.0,0.0,24.955708
1492,0.1845565,0.0,0.0,0.0,23.637508
1493,0.1845367,0.0,0.0,0.0,23.41087
1494,0.18452485,0.0,0.0,0.0,23.166498
1495,0.18419959,0.0,0.0,0.0,19.772705
1496,0.18387492,0.0,0.0,0.0,20.319323
1497,0.18381307,0.0,0.0,0.0,20.845486
1498,0.1838094,0.0,0.0,0.0,21.558294
1499,0.18373099,0.0,0.0,0.0,28.540909
1500,0.18362515,0.0,0.0,0.0,26.35817
1501,0.18330137,0.0,0.0,0.0,28.883888
1502,0.18324491,0.0,0.0,0.0,19.676266
1503,0.18318777,0.0,0.0,0.0,24.070562
1504,0.18262517,0.0,0.0,0.0,27.301449
1505,0.18239969,0.0,0.0,0.0,23.801706
1506,0.18211535,0.0,0.0,0.0,26.539597
1507,0.182089,0.0,0.0,0.0,22.65959
1508,0.18201734,0.0,0.0,0.0,21.140207
1509,0.18195876,0.0,0.0,0.0,25.809652
1510,0.18188038,0.0,0.0,0.0,21.999525
1511,0.18169403,0.0,0.0,0.0,21.789062
1512,0.18152858,0.0,0.0,0.0,24.951113
1513,0.18114175,0.0,0.0,0.0,24.10875
1514,0.18109033,0.0,0.0,0.0,21.188524
1515,0.18105607,0.0,0.0,0.0,26.942883
1516,0.18097165,0.0,0.0,0.0,24.96572
1517,0.18080153,0.0,0.0,0.0,20.887178
1518,0.18042593,0.0,0.0,0.0,19.218782
1519,0.18034056,0.0,0.0,0.0,20.050852
1520,0.18015419,0.0,0.0,0.0,26.430653
1521,0.180037,0.0,0.0,0.0,23.194689
1522,0.18001021,0.0,0.0,0.0,24.170069
1523,0.17945968,0.0,0.0,0.0,21.765934
1524,0.17911386,0.0,0.0,0.0,25.243332
1525,0.17864001,0.0,0.0,0.0,27.078876
1526,0.17779772,0.0,0.0,0.0,26.114763
1527,0.17759216,0.0,0.0,0.0,20.081034
1528,0.17707855,0.0,0.0,0.0,23.046288
1529,0.17697218,0.0,0.0,0.0,23.052649
1530,0.17668568,0.0,0.0,0.0,25.559793
1531,0.1766033,0.0,0.0,0.0,28.011965
1532,0.17652428,0.0,0.0,0.0,26.618088
1533,0.17646194,0.0,0.0,0.0,16.847902
1534,0.17612197,0.0,0.0,0.0,23.63972
1535,0.17606509,0.0,0.0,0.0,28.1748
1536,0.17597577,0.0,0.0,0.0,23.492918
1537,0.1757158,0.0,0.0,0.0,23.53395
1538,0.17561346,0.0,0.0,0.0,25.760015
1539,0.17559639,0.0,0.0,0.0,26.40194
1540,0.17514637,0.0,0.0,0.0,22.842802
1541,0.17512561,0.0,0.0,0.0,20.359554
1542,0.17470911,0.0,0.0,0.0,26.751856
1543,0.17465326,0.0,0.0,0.0,23.903032
1544,0.17438518,0.0,0.0,0.0,28.99071
1545,0.1742521,0.0,0.0,0.0,18.226742
1546,0.17410305,0.0,0.0,0.0,23.67658
1547,0.17364183,0.0,0.0,0.0,26.949194
1548,0.17318101,0.0,0.0,0.0,21.342875
1549,0.17317563,0.0,0.0,0.0,25.767149
1550,0.17262587,0.0,0.0,0.0,20.96172
1551,0.17260194,0.0,0.0,0.0,19.78747
1552,0.17254888,0.0,0.0,0.0,29.182087
1553,0.17254128,0.0,0.0,0.0,28.506992
1554,0.17252289,0.0,0.0,0.0,27.221012
1555,0.17215785,0.0,0.0,0.0,15.732779
1556,0.17211059,0.0,0.0,0.0,27.915947
1557,0.17210773,0.0,0.0,0.0,21.926483
1558,0.17208971,0.0,0.0,0.0,24.315504
1559,0.17178874,0.0,0.0,0.0,25.620068
1560,0.17147356,0.0,0.0,0.0,25.176626
1561,0.17141202,0.0,0.0,0.0,24.041746
1562,0.17111064,0.0,0.0,0.0,24.891375
1563,0.17095977,0.0,0.0,0.0,24.519045
1564,0.17091653,0.0,0.0,0.0,26.334888
1565,0.17064765,0.0,0.0,0.0,26.758228
1566,0.17062762,0.0,0.0,0.0,24.498371
1567,0.17039086,0.0,0.0,0.0,24.076883
1568,0.1703696,0.0,0.0,0.0,21.227688
1569,0.17034493,0.0,0.0,0.0,24.596437
1570,0.17015162,0.0,0.0,0.0,29.76327
1571,0.1699209,0.0,0.0,0.0,23.163553
1572,0.16962092,0.0,0.0,0.0,19.647615
1573,0.16948748,0.0,0.0,0.0,24.968859
1574,0.1694743,0.0,0.0,0.0,24.32159
1575,0.16945082,0.0,0.0,0.0,28.128345
1576,0.16935275,0.0,0.0,0.0,25.89788
1577,0.16862136,0.0,0.0,0.0,27.794153
1578,0.16854548,0.0,0.0,0.0,19.363594
1579,0.16838208,0.0,0.0,0.0,30.635813
1580,0.16827597,0.0,0.0,0.0,22.795692
1581,0.1681985,0.0,0.0,0.0,23.322176
1582,0.16817881,0.0,0.0,0.0,20.708666
1583,0.16810876,0.0,0.0,0.0,21.663948
1584,0.16801134,0.0,0.0,0.0,20.87323
1585,0.16771585,0.0,0.0,0.0,23.933334
1586,0.167558,0.0,0.0,0.0,25.022503
1587,0.16732514,0.0,0.0,0.0,28.390238
1588,0.16725099,0.0,0.0,0.0,27.709034
1589,0.16716817,0.0,0.0,0.0,27.11943
1590,0.16681665,0.0,0.0,0.0,23.920002
1591,0.16678563,0.0,0.0,0.0,21.727886
1592,0.16676597,0.0,0.0,0.0,25.092976
1593,0.16662507,0.0,0.0,0.0,20.669638
1594,0.16660377,0.0,0.0,0.0,26.032463
1595,0.16613436,0.0,0.0,0.0,30.22383
1596,0.16577151,0.0,0.0,0.0,24.362541
1597,0.16572511,0.0,0.0,0.0,24.04785
1598,0.16551127,0.0,0.03839822,0.17782593,25.48285
1599,0.16519317,0.0,0.0,0.0,27.269718
1600,0.16517413,0.0,0.0,0.0,23.037186
1601,0.16516235,0.0,0.0,0.0,27.199318
1602,0.1650919,0.0,0.0,0.0,22.046932
1603,0.1649985,0.0,0.0,0.0,21.827606
1604,0.16484073,0.0,0.0,0.0,22.949066
1605,0.16462484,0.0,0.0,0.0,24.861687
1606,0.16454633,0.0,0.0,0.0,20.344505
1607,0.1640318,0.0,0.0,0.0,22.742796
1608,0.16400863,0.0,0.0,0.0,24.627813
1609,0.1639148,0.0,0.0,0.0,25.839298
1610,0.16355465,0.0,0.0,0.0,22.506615
1611,0.16354287,0.0,0.0,0.0,26.448122
1612,0.16335455,0.0,0.0,0.0,18.86222
1613,0.16334417,0.0,0.0,0.0,22.379807
1614,0.1631025,0.0,0.030069817,0.052139282,24.685616
1615,0.16241235,0.0,0.0,0.0,23.210983
1616,0.1624056,0.0,0.0,0.0,25.086693
1617,0.16237862,0.0,0.0,0.0,19.688395
1618,0.1621551,0.0,0.0,0.0,22.31833
1619,0.16203928,0.0,0.0,0.0,25.873589
1620,0.16184334,0.0,0.0,0.0,23.520329
1621,0.16181013,0.0,0.0,0.0,24.275497
1622,0.1615947,0.0,0.0,0.0,21.59963
1623,0.16146827,0.0,0.0,0.0,18.974743
1624,0.1614598,0.0,0.0,0.0,26.380692
1625,0.16124117,0.0,0.0,0.0,18.341398
1626,0.1610287,0.0,0.0,0.0,23.497194
1627,0.160962,0.0,0.0,0.0,24.019192
1628,0.16068088,0.0,0.0,0.0,21.6178
1629,0.1605598,0.0,0.0,0.0,26.999916
1630,0.16037901,0.0,0.0,0.0,28.53382
1631,0.16008963,0.0,0.0,0.0,26.705606
1632,0.15998854,0.0,0.0,0.0,19.85369
1633,0.15981762,0.0,0.0,0.0,21.834824
1634,0.15980102,0.0,0.0,0.0,23.855062
1635,0.15980016,0.0,0.0,0.0,26.814457
1636,0.15975691,0.0,0.0,0.0,27.30154
1637,0.15934156,0.0,0.0,0.0,24.96234
1638,0.15923478,0.0,0.0,0.0,20.914938
1639,0.15875898,0.0,0.0,0.0,21.681688
1640,0.15860495,0.0,0.0,0.0,25.94296
1641,0.1585549,0.0,0.0,0.0,26.615728
1642,0.15822391,0.0,0.0,0.0,21.824492
1643,0.15806007,0.0,0.0,0.0,25.862202
1644,0.15788788,0.0,0.0,0.0,22.82769
1645,0.15785979,0.0,0.0,0.0,20.066889
1646,0.15779157,0.0,0.0,0.0,26.52243
1647,0.15769577,0.0,0.0,0.0,25.219639
1648,0.15736574,0.0,0.0,0.0,24.91799
1649,0.15720446,0.0,0.0,0.0,23.99551
1650,0.1566186,0.0,0.0,0.0,24.480152
1651,0.15642825,0.0,0.0,0.0,24.464819
1652,0.1563164,0.0,0.0,0.0,24.225866
1653,0.15622735,0.0,0.0,0.0,26.13665
1654,0.1561668,0.0,0.0,0.0,27.65606
1655,0.15598059,0.0,0.0,0.0,19.810463
1656,0.1551445,0.0,0.0,0.0,24.973747
1657,0.15492688,0.0,0.0,0.0,25.779314
1658,0.15469643,0.0,0.0,0.0,26.810347
1659,0.15466303,0.0,0.0,0.0,24.429276
1660,0.15455148,0.0,0.0,0.0,22.877693
1661,0.15400678,0.0,0.0,0.0,25.071138
1662,0.15340665,0.0,0.0,0.0,21.552542
1663,0.15335962,0.0,0.0,0.0,23.782068
1664,0.15314205,0.0,0.0,0.0,27.589891
1665,0.15290403,0.0,0.0,0.0,23.949392
1666,0.15217876,0.0,0.0,0.0,26.12695
1667,0.15212893,0.0,0.0,0.0,23.024492
1668,0.15212202,0.0,0.0,0.0,25.467047
1669,0.15192875,0.0,0.0,0.0,25.60113
1670,0.15136924,0.0,0.0,0.0,25.28706
1671,0.15125412,0.0,0.0,0.0,23.354733
1672,0.15119947,0.0,5.688215E-5,2.1691895,27.539944
1673,0.15115367,0.0,0.0,0.0,21.503105
1674,0.15103438,0.0,0.0,0.0,25.354984
1675,0.15046242,0.0,0.0,0.0,16.69285
1676,0.15041389,0.0,0.0,0.0,21.37596
1677,0.15012872,0.0,0.0,0.0,22.254131
1678,0.14994343,0.0,0.0,0.0,26.828245
1679,0.14963408,0.0,0.0,0.0,26.79542
1680,0.14937276,0.0,0.0,0.0,24.098427
1681,0.14908874,0.0,0.0,0.0,18.773447
1682,0.14875402,0.0,0.0,0.0,19.72749
1683,0.14852238,0.0,0.0,0.0,22.797838
1684,0.1484982,0.0,0.0,0.0,23.28575
1685,0.14838652,0.0,0.0,0.0,23.011097
1686,0.14815074,0.0,0.0,0.0,26.69802
1687,0.1480328,0.0,0.0,0.0,17.2284
1688,0.14777523,0.0,0.0,0.0,25.468014
1689,0.14769898,0.0,0.0,0.0,15.624875
1690,0.14730908,0.0,0.0,0.0,21.097775
1691,0.14727506,0.0,0.0,0.0,26.320757
1692,0.1466428,0.0,0.0,0.0,21.708252
1693,0.14661863,0.0,0.0,0.0,20.975502
1694,0.14644371,0.0,0.0,0.0,29.26385
1695,0.14628446,0.0,0.0,0.0,22.73516
1696,0.14608967,0.0,0.0,0.0,24.485493
1697,0.1460495,0.0,0.0,0.0,19.28824
1698,0.14582965,0.0,0.0,0.0,23.7103
1699,0.14576472,0.0,0.0,0.0,23.69598
1700,0.14564711,0.0,0.0,0.0,17.526817
1701,0.14521617,0.0,0.0,0.0,25.790491
1702,0.1451519,0.0,0.0,0.0,24.376858
1703,0.144893,0.0,0.0,0.0,21.55533
1704,0.14423455,0.0,0.0,0.0,23.337729
1705,0.1438611,0.0,0.0,0.0,25.800177
1706,0.1437439,0.0,0.0,0.0,18.01585
1707,0.1436091,0.0,0.0,0.0,26.606236
1708,0.14339969,0.0,0.0,0.0,27.812263
1709,0.14332709,0.0,0.0,0.0,25.076406
1710,0.14331628,0.0,0.0,0.0,21.492603
1711,0.14315546,0.0,0.0,0.0,21.665981
1712,0.14307737,0.0,0.0,0.0,30.30991
1713,0.14266571,0.0,0.0,0.0,23.237389
1714,0.1424385,0.0,0.0,0.0,23.304548
1715,0.14229101,0.0,0.0,0.0,20.215284
1716,0.1422605,0.0,0.0034481462,0.19537354,22.732428
1717,0.14181453,0.0,0.0,0.0,21.272493
1718,0.14173037,0.0,0.0,0.0,25.153767
1719,0.14162678,0.0,0.0,0.0,24.11443
1720,0.14150204,0.0,0.0,0.0,25.424885
1721,0.14148143,0.0,0.0,0.0,20.206448
1722,0.14111328,0.0,0.0,0.0,28.180483
1723,0.14105491,0.0,0.0,0.0,21.554678
1724,0.14099866,0.0,0.0,0.0,25.433939
1725,0.14079334,0.0,0.02896137,0.15283203,20.567533
1726,0.14018662,0.0,0.0,0.0,25.07249
1727,0.14012498,0.0,0.0,0.0,21.045391
1728,0.14000729,0.0,0.0,0.0,21.114473
1729,0.13974208,0.0,0.0,0.0,23.746407
1730,0.13966188,0.0,0.0,0.0,23.529722
1731,0.13962048,0.0,0.0,0.0,28.153355
1732,0.13954557,0.0,0.0,0.0,24.00405
1733,0.1394394,0.0,0.0,0.0,21.058825
1734,0.13934034,0.0,0.0,0.0,21.186111
1735,0.13912903,0.0,0.0,0.0,20.141775
1736,0.1389784,0.0,0.0,0.0,23.621576
1737,0.13892817,0.0,0.0,0.0,23.411213
1738,0.13867067,0.0,0.0,0.0,27.37626
1739,0.13864121,0.0,0.0,0.0,20.726274
1740,0.13861175,0.0,0.0,0.0,20.197426
1741,0.13852565,0.0,0.0,0.0,17.455912
1742,0.13838719,0.0,0.0,0.0,29.715567
1743,0.13825735,0.0,0.0,0.0,25.221195
1744,0.13816388,0.0,0.011413411,0.6104126,26.829067
1745,0.13771124,0.0,0.0,0.0,25.7509
1746,0.13734022,0.0,0.0,0.0,25.677637
1747,0.13730012,0.0,0.0,0.0,27.291832
1748,0.13711308,0.0,0.0,0.0,27.32444
1749,0.13698496,0.0,0.0,0.0,23.613853
1750,0.13612282,0.0,0.0,0.0,26.67536
1751,0.13606429,0.0,0.0,0.0,19.286652
1752,0.1360172,0.0,0.0,0.0,24.822968
1753,0.13589898,0.0,0.0,0.0,23.42756
1754,0.13501942,0.0,0.0,0.0,23.897474
1755,0.13500956,0.0,0.0,0.0,24.326338
1756,0.13478619,0.0,0.0,0.0,22.342827
1757,0.13446274,0.0,0.0,0.0,19.90926
1758,0.13413805,0.0,0.0,0.0,24.111347
1759,0.13392878,0.0,0.0,0.0,27.388266
1760,0.13382262,0.0,0.0,0.0,24.365734
1761,0.13374795,0.0,0.0,0.0,25.060858
1762,0.13360593,0.0,0.0,0.0,23.954176
1763,0.13333052,0.0,0.0,0.0,23.677216
1764,0.13278636,0.0,0.0,0.0,23.097765
1765,0.13254634,0.0,0.0,0.0,26.493162
1766,0.13240957,0.0,0.0,0.0,21.444054
1767,0.13232079,0.0,0.0,0.0,21.979942
1768,0.13227075,0.0,0.0,0.0,20.497175
1769,0.13222948,0.0,0.0,0.0,19.640142
1770,0.13174771,0.0,0.0,0.0,22.58462
1771,0.13171099,0.0,0.0,0.0,27.112604
1772,0.13169013,0.0,0.0,0.0,22.373156
1773,0.13144803,0.0,0.0,0.0,20.38674
1774,0.13052836,0.0,0.0,0.0,26.778795
1775,0.13033485,0.0,0.0,0.0,20.793257
1776,0.13026308,0.0,0.0,0.0,23.320856
1777,0.1301202,0.0,0.0,0.0,25.841814
1778,0.12998372,0.0,0.0,0.0,22.811443
1779,0.12984724,0.0,0.0,0.0,23.822748
1780,0.12963367,0.0,0.0,0.0,24.673561
1781,0.12920499,0.0,0.0,0.0,22.6577
1782,0.12914398,0.0,0.0,0.0,24.921326
1783,0.12869062,0.0,0.0,0.0,24.925865
1784,0.12867504,0.0,0.0,0.0,19.963018
1785,0.12854686,0.0,0.0,0.0,22.870564
1786,0.12845594,0.0,0.0,0.0,21.985228
1787,0.12834504,0.0,0.0,0.0,23.714787
1788,0.12826477,0.0,0.0,0.0,23.544535
1789,0.127984,0.0,0.0,0.0,19.410664
1790,0.12789665,0.0,0.0,0.0,26.85175
1791,0.1278924,0.0,0.0,0.0,24.50054
1792,0.1277601,0.0,0.0,0.0,24.414066
1793,0.12767474,0.0,0.0,0.0,25.40362
1794,0.1276456,0.0,0.0,0.0,22.338957
1795,0.1275506,0.0,0.0,0.0,23.663532
1796,0.12741484,0.0,0.0,0.0,22.535326
1797,0.12741143,0.0,0.0,0.0,26.309038
1798,0.12725112,0.0,0.0,0.0,22.177448
1799,0.12716168,0.0,0.0,0.0,20.306421
1800,0.12696907,0.0,0.0,0.0,21.218441
1801,0.12678435,0.0,0.0,0.0,29.173012
1802,0.12641484,0.0,0.0,0.0,24.786654
1803,0.12626523,0.0,0.0,0.0,24.337223
1804,0.12558587,0.0,0.0,0.0,24.81364
1805,0.12556468,0.0,0.0,0.0,20.031948
1806,0.12555206,0.0,0.0,0.0,23.988745
1807,0.1255179,0.0,0.0,0.0,22.721571
1808,0.12536977,0.0,0.0,0.0,19.906504
1809,0.12520704,0.0,0.0,0.0,25.273605
1810,0.12512802,0.0,0.0,0.0,26.341324
1811,0.124726675,0.0,0.0,0.0,26.015442
1812,0.12464036,0.0,0.0,0.0,24.863695
1813,0.124518484,0.0,0.0,0.0,24.875872
1814,0.12426673,0.0,0.0,0.0,22.559044
1815,0.124129124,0.0,0.0,0.0,21.508581
1816,0.12372914,0.0,0.0,0.0,20.06702
1817,0.12352571,0.0,0.0,0.0,22.004019
1818,0.12343869,0.0,0.0,0.0,20.451056
1819,0.12331925,0.0,0.0,0.0,22.992254
1820,0.12309837,0.0,0.0,0.0,20.383955
1821,0.12273808,0.0,0.0,0.0,21.152576
1822,0.1224511,0.0,0.0,0.0,21.663437
1823,0.122196436,0.0,0.0,0.0,25.816893
1824,0.12210176,0.0,0.0,0.0,16.47897
1825,0.12174499,0.0,0.0,0.0,25.539753
1826,0.12145418,0.0,0.0,0.0,22.528774
1827,0.1214087,0.0,0.0,0.0,22.604048
1828,0.121317685,0.0,0.0,0.0,20.07992
1829,0.121297,0.0,0.0,0.0,24.05337
1830,0.12118966,0.0,0.0,0.0,22.74533
1831,0.11946234,0.0,0.0,0.0,22.320993
1832,0.11935225,0.0,0.0,0.0,26.607323
1833,0.119320445,0.0,0.0,0.0,16.945147
1834,0.11823045,0.0,0.0,0.0,26.815634
1835,0.11811263,0.0,0.0,0.0,20.50373
1836,0.11751844,0.0,0.0,0.0,25.929224
1837,0.117407404,0.0,0.0,0.0,26.460207
1838,0.11731754,0.0,0.0,0.0,24.416586
1839,0.11703769,0.0,0.0,0.0,22.69661
1840,0.11689648,0.0,0.0,0.0,22.721376
1841,0.11689204,0.0,0.0,0.0,24.084005
1842,0.11679727,0.0,0.0,0.0,22.915255
1843,0.11643314,0.0,0.0,0.0,23.35191
1844,0.11639064,0.0,0.0,0.0,29.851013
1845,0.11580868,0.0,0.0,0.0,25.819832
1846,0.114659995,0.0,0.0,0.0,24.990173
1847,0.11459726,0.0,0.0,0.0,23.132643
1848,0.114563145,0.0,0.0,0.0,25.240488
1849,0.1144582,0.0,0.0,0.0,25.351929
1850,0.11423519,0.0,0.0,0.0,25.77982
1851,0.114213906,0.0,0.0,0.0,21.618267
1852,0.11420973,0.0,0.0,0.0,22.346819
1853,0.11377372,0.0,0.0,0.0,23.940096
1854,0.11357993,0.0,0.0,0.0,19.758335
1855,0.11346735,0.0,0.0,0.0,26.533419
1856,0.11304094,0.0,0.0,0.0,24.556828
1857,0.11301124,0.0,0.0,0.0,22.653238
1858,0.11299526,0.0,0.0,0.0,24.98265
1859,0.112571366,0.0,0.0,0.0,23.565456
1860,0.112358965,0.0,0.0,0.0,21.959145
1861,0.11229385,0.0,0.0,0.0,21.995916
1862,0.11222488,0.0,0.0,0.0,23.147783
1863,0.11210424,0.0,0.0,0.0,23.544195
1864,0.11166074,0.0,0.0,0.0,14.019407
1865,0.11159048,0.0,0.0,0.0,21.99259
1866,0.11153734,0.0,0.0,0.0,25.77664
1867,0.111430466,0.0,0.0,0.0,27.585445
1868,0.11130709,0.0,0.0,0.0,19.182854
1869,0.111204706,0.0,0.0,0.0,23.463026
1870,0.111146264,0.0,0.0,0.0,21.400312
1871,0.1108663,0.0,0.0,0.0,24.933645
1872,0.11080918,0.0,0.0,0.0,19.584558
1873,0.11058355,0.0,0.0,0.0,25.565552
1874,0.11054549,0.0,0.0,0.0,26.757317
1875,0.11052978,0.0,0.0,0.0,26.128702
1876,0.11045732,0.0,0.0,0.0,19.203806
1877,0.11041852,0.0,0.0,0.0,23.536648
1878,0.110111006,0.0,0.0,0.0,31.622093
1879,0.110089235,0.0,0.0,0.0,21.16669
1880,0.1097633,0.0,0.0,0.0,27.642694
1881,0.109725215,0.0,0.0,0.0,24.023994
1882,0.10970625,0.0,0.0,0.0,23.962173
1883,0.10964283,0.0,0.0,0.0,23.761805
1884,0.109451726,0.0,0.0,0.0,25.440655
1885,0.10918139,0.0,0.0,0.0,24.173424
1886,0.10918098,0.0,0.0,0.0,24.51999
1887,0.10911287,0.0,0.0,0.0,23.282362
1888,0.10909852,0.0,0.0,0.0,26.53123
1889,0.10896581,0.0,0.0,0.0,24.56687
1890,0.108324744,0.0,0.0,0.0,18.609453
1891,0.107955605,0.0,0.0,0.0,28.220385
1892,0.10792026,0.0,0.0,0.0,22.142265
1893,0.10777445,0.0,0.0,0.0,22.79857
1894,0.10777346,0.0,0.0,0.0,22.104383
1895,0.107231274,0.0,0.0,0.0,28.762695
1896,0.10717031,0.0,0.0,0.0,24.179092
1897,0.10716641,0.0,0.0,0.0,18.182913
1898,0.10713906,0.0,0.0,0.0,28.280327
1899,0.107121624,0.0,0.0,0.0,19.746845
1900,0.10711423,0.0,0.0,0.0,25.197039
1901,0.10705571,0.0,0.0,0.0,22.435379
1902,0.10663594,0.0,0.0,0.0,23.668503
1903,0.106258616,0.0,0.0,0.0,25.123747
1904,0.10589734,0.0,0.0,0.0,28.589815
1905,0.105776384,0.0,0.0,0.0,28.21046
1906,0.1055872,0.0,0.0,0.0,20.681677
1907,0.10544467,0.0,0.0,0.0,29.068703
1908,0.10522045,0.0,0.0,0.0,18.903736
1909,0.10482057,0.0,0.0,0.0,22.065296
1910,0.10469525,0.0,0.0,0.0,26.797976
1911,0.10446127,0.0,0.0,0.0,22.024223
1912,0.10442276,0.0,0.0,0.0,25.723082
1913,0.10439931,0.0,0.0,0.0,24.688253
1914,0.104125656,0.0,0.03572274,0.22857666,23.20026
1915,0.10410902,0.0,0.0,0.0,22.464233
1916,0.10385517,0.0,0.0,0.0,24.36328
1917,0.10372572,0.0,0.0,0.0,19.700558
1918,0.103658214,0.0,0.0,0.0,24.403297
1919,0.10359463,0.0,0.0,0.0,26.777617
1920,0.10331831,0.0,0.0,0.0,19.963438
1921,0.103043154,0.0,4.036398E-5,1.0335541,19.61254
1922,0.10276687,0.0,0.0,0.0,23.414328
1923,0.10265916,0.0,0.0,0.0,17.836252
1924,0.102252826,0.0,0.0,0.0,23.32709
1925,0.10205388,0.0,0.0,0.0,27.493664
1926,0.10199882,0.0,0.0,0.0,22.845242
1927,0.10162325,0.0,0.0,0.0,19.440145
1928,0.10142861,0.0,0.0,0.0,20.862492
1929,0.100862004,0.0,0.0,0.0,18.327963
1930,0.100725345,0.0,0.0,0.0,25.881435
1931,0.10062053,0.0,0.0,0.0,21.025648
1932,0.10047231,0.0,0.0,0.0,25.873335
1933,0.100471854,0.0,0.0,0.0,19.045515
1934,0.100365855,0.0,0.0,0.0,19.935144
1935,0.10020552,0.0,0.0,0.0,27.156504
1936,0.09966073,0.0,0.0,0.0,23.833323
1937,0.098792516,0.0,0.0,0.0,24.420431
1938,0.09863531,0.0,0.0,0.0,22.862902
1939,0.09860898,0.0,0.0,0.0,25.263845
1940,0.098448135,0.0,0.0,0.0,22.563982
1941,0.09829851,0.0,0.0,0.0,24.916855
1942,0.098262765,0.0,0.0,0.0,25.848217
1943,0.09823164,0.0,0.0,0.0,24.379793
1944,0.09783903,0.0,0.0,0.0,25.228357
1945,0.09773678,0.0,0.0,0.0,28.036171
1946,0.097659275,0.0,0.0,0.0,23.782215
1947,0.09734844,0.0,0.0,0.0,18.044674
1948,0.0972563,0.0,0.0,0.0,24.567062
1949,0.097247034,0.0,0.0,0.0,23.848093
1950,0.09718175,0.0,0.0,0.0,23.11989
1951,0.09702321,0.0,0.0,0.0,21.064093
1952,0.09699977,0.0,0.0,0.0,19.763803
1953,0.09669184,0.0,0.0,0.0,22.463171
1954,0.096085474,0.0,0.0,0.0,26.932198
1955,0.09602019,0.0,0.0,0.0,25.498457
1956,0.09594576,0.0,0.0,0.0,24.33919
1957,0.095751695,0.0,0.0,0.0,25.222477
1958,0.09571491,0.0,0.0,0.0,22.648008
1959,0.095610894,0.0,0.0,0.0,19.047047
1960,0.09546408,0.0,0.0,0.0,24.941576
1961,0.09544682,0.0,0.0,0.0,21.504604
1962,0.09544015,0.0,0.0,0.0,23.238983
1963,0.09477534,0.0,0.0,0.0,26.858162
1964,0.09461174,0.0,0.0,0.0,25.73559
1965,0.09451461,0.0,0.0,0.0,24.593105
1966,0.09445357,0.0,0.0023331647,0.73114014,28.406435
1967,0.094346695,0.0,0.0,0.0,29.092508
1968,0.0931838,0.0,0.0,0.0,21.30505
1969,0.09258703,0.0,0.0,0.0,24.962978
1970,0.092315376,0.0,0.0,0.0,21.872849
1971,0.092093915,0.0,0.0,0.0,18.325907
1972,0.09191537,0.0,0.0,0.0,21.17306
1973,0.091879055,0.0,0.0,0.0,23.927853
1974,0.09186645,0.0,0.0,0.0,19.505533
1975,0.09181473,0.0,0.0,0.0,25.349806
1976,0.09166335,0.0,0.0,0.0,24.321623
1977,0.091588855,0.0,0.0,0.0,22.596828
1978,0.091467656,0.0,0.0,0.0,21.296396
1979,0.09145734,0.0,0.0,0.0,22.633642
1980,0.09116806,0.0,0.0,0.0,20.65272
1981,0.09115627,0.0,0.0,0.0,27.025509
1982,0.09113492,0.0,0.046585727,0.10366821,20.780355
1983,0.09111582,0.0,0.0,0.0,28.491453
1984,0.09092437,0.0,0.0,0.0,22.692156
1985,0.09085809,0.0,0.014665471,2.6553879,25.853168
1986,0.0903989,0.0,0.0,0.0,20.458317
1987,0.09024121,0.0,0.0,0.0,25.997248
1988,0.09021951,0.0,0.0,0.0,27.98316
1989,0.09000577,0.0,0.0,0.0,24.57688
1990,0.089987405,0.0,0.0,0.0,25.446194
1991,0.08950676,0.0,0.0,0.0,22.583496
1992,0.08920187,0.0,0.0,0.0,19.709112
1993,0.08889076,0.0,0.012724253,0.6413574,18.948542
1994,0.08882633,0.0,0.0,0.0,23.138556
1995,0.08874318,0.0,0.0,0.0,22.721077
1996,0.08860846,0.0,0.0,0.0,22.869572
1997,0.088509694,0.0,0.0,0.0,24.472193
1998,0.0878988,0.0,0.0,0.0,23.262741
1999,0.08785708,0.0,0.0,0.0,26.878714
2000,0.087818176,0.0,0.0,0.0,19.690933
2001,0.08765297,0.0,0.0,0.0,21.314539
2002,0.0874911,0.0,0.0,0.0,21.701576
2003,0.08747644,0.0,0.0,0.0,24.157099
2004,0.08746152,0.0,0.0,0.0,21.234037
2005,0.087391034,0.0,0.0,0.0,30.20933
2006,0.087289795,0.0,0.0,0.0,27.317759
2007,0.08681892,0.0,0.0,0.0,20.13492
2008,0.086407095,0.0,0.0,0.0,23.335041
2009,0.08636411,0.0,0.0,0.0,22.588482
2010,0.08634105,0.0,0.0,0.0,24.684914
2011,0.08631866,0.0,0.0,0.0,19.74928
2012,0.08622532,0.0,0.0,0.0,20.847456
2013,0.08595573,0.0,0.0,0.0,20.93235
2014,0.08590521,0.0,0.0,0.0,20.904274
2015,0.085695915,0.0,0.0,0.0,23.420864
2016,0.08567529,0.0,0.0,0.0,22.62024
2017,0.08554843,0.0,0.0,0.0,24.265053
2018,0.08522628,0.0,0.0,0.0,23.850546
2019,0.08495809,0.0,0.0,0.0,20.883373
2020,0.08463831,0.0,0.0,0.0,29.9707
2021,0.08447637,0.0,0.0,0.0,20.264803
2022,0.08408011,0.0,0.0,0.0,21.824118
2023,0.083796374,0.0,0.0,0.0,28.445229
2024,0.083726674,0.0,0.0,0.0,26.407932
2025,0.08349839,0.0,0.0,0.0,30.53588
2026,0.08349685,0.0,0.0,0.0,26.094864
2027,0.083242506,0.0,0.0,0.0,19.706823
2028,0.08322603,0.0,0.0,0.0,25.899778
2029,0.08294704,0.0,0.0,0.0,24.13528
2030,0.082704246,0.0,0.0,0.0,20.273748
2031,0.08251274,0.0,0.0,0.0,23.175623
2032,0.08248704,0.0,0.0,0.0,18.730377
2033,0.08239306,0.0,0.0,0.0,20.115082
2034,0.08233349,0.0,0.007989329,0.685791,17.475937
2035,0.082214914,0.0,0.0,0.0,20.53408
2036,0.08217776,0.0,0.0,0.0,25.708027
2037,0.081957236,0.0,0.0,0.0,20.806871
2038,0.081503,0.0,0.0,0.0,26.164768
2039,0.0813283,0.0,0.0,0.0,28.21886
2040,0.08099951,0.0,0.0,0.0,22.784374
2041,0.08099881,0.0,0.0,0.0,24.5458
2042,0.080763586,0.0,0.0,0.0,26.102951
2043,0.080531515,0.0,0.0,0.0,23.713188
2044,0.08042817,0.0,0.0,0.0,24.747728
2045,0.08030599,0.0,0.0,0.0,25.181814
2046,0.08025335,0.0,0.0,0.0,25.94585
2047,0.08016898,0.0,0.0,0.0,21.674694
2048,0.08008999,0.0,0.0,0.0,22.296272
2049,0.080071315,0.0,0.0,0.0,19.515255
2050,0.079719655,0.0,0.0,0.0,26.67614
2051,0.07960993,0.0,0.0,0.0,20.856817
2052,0.07956885,0.0,0.0,0.0,25.363174
2053,0.079227194,0.0,0.0,0.0,25.910873
2054,0.07910481,0.0,0.0,0.0,26.637634
2055,0.07905815,0.0,0.0,0.0,25.507542
2056,0.078915656,0.0,0.0,0.0,25.688663
2057,0.07862428,0.0,0.0,0.0,21.057226
2058,0.07810724,0.0,0.0,0.0,22.615192
2059,0.07800186,0.0,0.0,0.0,20.50041
2060,0.077881575,0.0,0.0,0.0,22.909462
2061,0.07782045,0.0,0.0,0.0,18.96807
2062,0.07773972,0.0,0.0,0.0,21.042488
2063,0.07732839,0.0,0.0,0.0,22.231318
2064,0.077240855,0.0,0.0,0.0,21.206059
2065,0.07712741,0.0,0.0,0.0,24.24317
2066,0.077045195,0.0,0.0,0.0,25.4408
2067,0.07679105,0.0,0.0,0.0,18.864489
2068,0.076462485,0.0,0.0,0.0,17.974266
2069,0.07624694,0.0,0.0,0.0,27.427485
2070,0.07607129,0.0,0.0,0.0,20.130192
2071,0.075933285,0.0,0.0,0.0,20.168856
2072,0.07513894,0.0,0.0,0.0,24.322807
2073,0.074858695,0.0,0.0,0.0,25.71304
2074,0.07485521,0.0,0.0,0.0,23.777483
2075,0.07469956,0.0,4.8629064E-4,0.6847534,25.237278
2076,0.07454604,0.0,0.0,0.0,24.839462
2077,0.07452157,0.0,0.0,0.0,23.266714
2078,0.07437527,0.0,0.0,0.0,24.479887
2079,0.07355188,0.0,0.0,0.0,25.151659
2080,0.07348821,0.0,0.0,0.0,23.862246
2081,0.07324964,0.0,0.0,0.0,22.93904
2082,0.073236,0.0,0.0,0.0,25.320812
2083,0.07297571,0.0,0.0,0.0,25.653414
2084,0.07274479,0.0,0.0,0.0,20.98201
2085,0.07269373,0.0,0.0,0.0,22.286541
2086,0.072690114,0.0,0.0,0.0,26.315617
2087,0.072586715,0.0,0.0,0.0,21.471478
2088,0.072267644,0.0,0.0,0.0,25.262331
2089,0.07144458,0.0,0.0,0.0,20.923931
2090,0.071311116,0.0,0.0,0.0,22.952915
2091,0.0711929,0.0,0.0,0.0,26.547935
2092,0.07086998,0.0,0.0,0.0,25.21984
2093,0.07081105,0.0,0.0,0.0,19.813026
2094,0.07068812,0.0,0.0,0.0,21.233654
2095,0.070626415,0.0,0.0,0.0,24.485287
2096,0.070579425,0.0,0.0,0.0,28.423964
2097,0.070359156,0.0,0.0,0.0,23.882967
2098,0.07019203,0.0,0.0,0.0,21.675478
2099,0.07013653,0.0,0.0,0.0,25.384668
2100,0.070045136,0.0,0.0,0.0,24.607546
2101,0.070017435,0.0,0.0,0.0,29.091228
2102,0.069995046,0.0,0.0,0.0,20.833864
2103,0.06979453,0.0,0.0,0.0,22.670624
2104,0.06943055,0.0,0.0,0.0,27.273272
2105,0.06919534,0.0,0.009565213,0.42908478,26.160719
2106,0.0691802,0.0,0.0,0.0,21.748127
2107,0.06911379,0.0,0.0,0.0,21.47017
2108,0.06886858,0.0,0.0,0.0,20.448364
2109,0.0685806,0.0,0.0,0.0,22.856863
2110,0.06851603,0.0,0.0,0.0,27.064537
2111,0.06828165,0.0,0.0,0.0,27.816471
2112,0.06816394,0.0,0.0,0.0,25.82622
2113,0.067898765,0.0,0.0,0.0,25.392834
2114,0.06788239,0.0,0.0,0.0,20.41484
2115,0.06765945,0.0,0.0,0.0,28.97851
2116,0.06760378,0.0,0.0,0.0,29.27753
2117,0.06731512,0.0,0.0,0.0,23.644924
2118,0.06708157,0.0,0.0,0.0,27.49336
2119,0.06663461,0.0,0.0,0.0,24.641277
2120,0.06602386,0.0,0.0,0.0,24.64558
2121,0.06545472,0.0,0.0,0.0,29.265913
2122,0.065229386,0.0,0.0,0.0,22.998955
2123,0.065209575,0.0,0.0,0.0,23.172703
2124,0.065065324,0.0,0.0,0.0,30.201078
2125,0.065010585,0.0,0.0,0.0,21.878914
2126,0.06483378,0.0,0.0,0.0,25.861597
2127,0.064803615,0.0,0.0,0.0,23.43243
2128,0.06479666,0.0,0.0,0.0,22.259438
2129,0.064451635,0.0,0.0,0.0,24.684933
2130,0.06410059,0.0,0.0,0.0,24.47195
2131,0.06398795,0.0,0.0,0.0,25.57849
2132,0.063955925,0.0,5.7779234E-5,0.2234497,24.005646
2133,0.06393898,0.0,0.0028047457,0.05341339,23.543411
2134,0.06381395,0.0,0.0,0.0,17.241556
2135,0.06381354,0.0,0.0,0.0,28.556314
2136,0.063499324,0.0,0.0,0.0,26.067513
2137,0.06330998,0.0,0.0,0.0,27.416988
2138,0.06293604,0.0,0.0,0.0,24.645308
2139,0.06292905,0.0,0.0,0.0,26.656889
2140,0.062620744,0.0,0.0,0.0,24.06094
2141,0.0623062,0.0,0.0,0.0,29.014996
2142,0.062206533,0.0,0.0,0.0,24.335718
2143,0.061891258,0.0,0.0,0.0,26.381378
2144,0.061738998,0.0,0.0,0.0,23.02293
2145,0.061654147,0.0,0.0,0.0,22.310638
2146,0.06146656,0.0,0.0,0.0,17.179777
2147,0.061383467,0.0,0.0,0.0,21.972494
2148,0.061195042,0.0,0.0,0.0,32.516117
2149,0.061076827,0.0,0.0,0.0,24.619806
2150,0.060991645,0.0,0.0,0.0,20.35725
2151,0.060944278,0.0,0.0,0.0,24.384224
2152,0.0604543,0.0,0.0,0.0,20.853771
2153,0.06021852,0.0,0.0,0.0,26.621313
2154,0.059500754,0.0,0.0,0.0,22.949575
2155,0.059131313,0.0,0.0,0.0,24.120539
2156,0.05864527,0.0,0.0,0.0,29.89468
2157,0.058523975,0.0,0.0,0.0,27.97104
2158,0.05828225,0.0,0.0,0.0,25.560932
2159,0.058212116,0.0,0.0,0.0,21.388412
2160,0.05797138,0.0,0.0,0.0,27.49484
2161,0.0579454,0.0,0.0,0.0,22.601397
2162,0.05775816,0.0,0.0,0.0,19.37201
2163,0.057756886,0.0,0.0,0.0,28.209671
2164,0.057699572,0.0,0.0,0.0,25.799088
2165,0.05755376,0.0,0.0,0.0,25.918058
2166,0.057461727,0.0,0.0,0.0,25.784967
2167,0.05726429,0.0,0.0,0.0,24.423418
2168,0.05708538,0.0,0.0,0.0,22.368843
2169,0.056945812,0.0,0.0,0.0,15.588998
2170,0.056609575,0.0,0.0,0.0,20.915695
2171,0.056568235,0.0,0.0,0.0,18.883509
2172,0.056058396,0.0,0.0,0.0,22.847296
2173,0.055604458,0.0,0.0,0.0,21.021055
2174,0.05486605,0.0,0.0,0.0,24.829548
2175,0.05486544,0.0,0.0,0.0,26.19898
2176,0.05480517,0.0,0.0,0.0,26.134481
2177,0.05418302,0.0,0.025376841,0.43693542,24.61592
2178,0.054061566,0.0,0.0,0.0,24.554377
2179,0.053901125,0.0,0.0,0.0,23.684288
2180,0.053857353,0.0,0.0,0.0,21.761106
2181,0.0538308,0.0,0.0,0.0,24.00234
2182,0.053599462,0.0,0.0,0.0,26.180117
2183,0.053375617,0.0,0.0,0.0,24.13352
2184,0.0528689,0.0,0.0,0.0,24.032085
2185,0.052832533,0.0,0.0,0.0,23.865786
2186,0.052546572,0.0,0.0,0.0,25.04423
2187,0.0523211,0.0,0.0,0.0,26.358406
2188,0.052016754,0.0,0.0,0.0,18.45882
2189,0.05200382,0.0,0.0,0.0,23.35247
2190,0.051867746,0.0,0.0,0.0,21.69158
2191,0.051845834,0.0,0.0,0.0,22.553265
2192,0.051592074,0.0,0.0,0.0,23.928185
2193,0.051449254,0.0,0.0,0.0,20.330091
2194,0.051383555,0.0,0.0,0.0,27.560099
2195,0.05126544,0.0,0.0,0.0,27.0905
2196,0.05121061,0.0,0.0,0.0,20.778316
2197,0.050987393,0.0,0.0,0.0,27.856993
2198,0.05075204,0.0,0.0,0.0,26.137112
2199,0.05050846,0.0,0.0,0.0,24.609663
2200,0.050430268,0.0,0.0,0.0,22.676947
2201,0.050263725,0.0,0.0,0.0,23.05071
2202,0.049973406,0.0,0.0,0.0,25.997782
2203,0.049842425,0.0,0.0,0.0,25.34042
2204,0.04984102,0.0,0.0,0.0,23.390985
2205,0.04977151,0.0,0.0,0.0,23.497389
2206,0.049681734,0.0,0.0,0.0,26.076195
2207,0.049663376,0.0,0.0,0.0,27.351067
2208,0.04963196,0.0,0.0,0.0,25.546164
2209,0.04960681,0.0,0.0,0.0,24.084833
2210,0.049594253,0.0,0.0,0.0,23.595648
2211,0.049527876,0.0,0.0,0.0,24.46212
2212,0.049320683,0.0,0.0,0.0,24.057455
2213,0.04921392,0.0,0.0,0.0,24.148373
2214,0.0490008,0.0,0.0,0.0,29.015192
2215,0.048963346,0.0,0.0,0.0,25.432056
2216,0.048918843,0.0,0.0,0.0,24.955261
2217,0.04886628,0.0,0.0,0.0,25.089302
2218,0.0486624,0.0,0.0,0.0,19.158072
2219,0.048263583,0.0,0.0,0.0,23.39155
2220,0.04825675,0.0,0.0,0.0,22.673557
2221,0.047867674,0.0,0.0,0.0,21.456062
2222,0.047228556,0.0,0.0,0.0,20.266079
2223,0.047226954,0.0,2.1861198E-4,0.04547882,19.863173
2224,0.04714009,0.0,0.0,0.0,16.746595
2225,0.04669387,0.0,0.0,0.0,22.237543
2226,0.046619117,0.0,0.0,0.0,27.949781
2227,0.0461111,0.0,0.0,0.0,22.660486
2228,0.046080284,0.0,0.0,0.0,21.604183
2229,0.046001107,0.0,0.0,0.0,27.97183
2230,0.04597149,0.0,0.013168685,0.06589508,20.927729
2231,0.045711208,0.0,0.0,0.0,26.50435
2232,0.045438904,0.0,0.0,0.0,25.707079
2233,0.04519587,0.0,0.0,0.0,19.175072
2234,0.044902314,0.0,0.0,0.0,22.648027
2235,0.04481117,0.0,0.0,0.0,24.181614
2236,0.044807024,0.0,0.0,0.0,23.04566
2237,0.0445452,0.0,0.0,0.0,20.825296
2238,0.04379779,0.0,0.0,0.0,19.456354
2239,0.04376186,0.0,0.0,0.0,27.848047
2240,0.043530118,0.0,0.0,0.0,24.50131
2241,0.04348952,0.0,0.0,0.0,19.342241
2242,0.043478232,0.0,0.0,0.0,25.64413
2243,0.043272562,0.0,0.0,0.0,26.160824
2244,0.043012943,0.0,0.0,0.0,22.533867
2245,0.04294289,0.0,0.0,0.0,27.34424
2246,0.0425532,0.0,0.0,0.0,28.886332
2247,0.042532276,0.0,0.0,0.0,22.698603
2248,0.042503856,0.0,0.0,0.0,23.242144
2249,0.042309277,0.0,0.0,0.0,24.58024
2250,0.04229749,0.0,0.0,0.0,29.472727
2251,0.04223869,0.0,0.0,0.0,21.583435
2252,0.04168381,0.0,0.0,0.0,21.018005
2253,0.041652467,0.0,0.0,0.0,20.332586
2254,0.04163281,0.0,0.0,0.0,27.397415
2255,0.04145759,0.0,0.0,0.0,23.30235
2256,0.04134538,0.0,0.0,0.0,21.69771
2257,0.04132177,0.0,0.0,0.0,24.23538
2258,0.04123065,0.0,0.0,0.0,28.723637
2259,0.040980753,0.0,0.0,0.0,25.306181
2260,0.04058997,0.0,0.0,0.0,24.190493
2261,0.040542677,0.0,0.0,0.0,26.007784
2262,0.039854504,0.0,0.0,0.0,24.001625
2263,0.039823666,0.0,0.0,0.0,27.37691
2264,0.039528333,0.0,0.0,0.0,27.708496
2265,0.039136223,0.0,0.0,0.0,24.284431
2266,0.039118204,0.0,0.0,0.0,19.761477
2267,0.03902881,0.0,0.0,0.0,25.293
2268,0.039026756,0.0,0.0,0.0,21.869938
2269,0.038200907,0.0,0.0,0.0,19.104939
2270,0.03812536,0.0,0.0,0.0,23.259027
2271,0.037810206,0.0,0.0,0.0,21.503841
2272,0.03780882,0.0,0.0,0.0,22.80077
2273,0.037035737,0.0,0.0,0.0,28.287775
2274,0.03693242,0.0,0.0,0.0,25.120163
2275,0.03668003,0.0,0.0,0.0,26.663788
2276,0.036563277,0.0,0.0,0.0,23.337458
2277,0.03652431,0.0,0.0,0.0,20.138615
2278,0.036326073,0.0,0.0,0.0,23.037542
2279,0.036262013,0.0,0.0,0.0,24.158506
2280,0.03624836,0.0,0.0,0.0,28.9034
2281,0.03594818,0.0,0.0,0.0,29.158663
2282,0.035904918,0.0,0.0,0.0,23.42307
2283,0.03557116,0.0,0.0,0.0,30.824366
2284,0.03550858,0.0,0.0,0.0,22.788534
2285,0.03542436,0.0,0.0,0.0,27.087067
2286,0.03537473,0.0,0.0,0.0,20.595806
2287,0.034749884,0.0,0.0,0.0,22.625628
2288,0.034342583,0.0,0.0,0.0,24.75703
2289,0.03431583,0.0,0.0,0.0,25.120619
2290,0.03424312,0.0,0.0,0.0,36.976078
2291,0.034200408,0.0,0.0,0.0,23.789906
2292,0.034170218,0.0,0.0,0.0,20.663906
2293,0.034061413,0.0,0.0,0.0,25.36999
2294,0.03383889,0.0,0.0,0.0,22.701506
2295,0.033787377,0.0,0.0,0.0,24.9139
2296,0.033698093,0.0,0.0,0.0,24.9968
2297,0.033391677,0.0,0.0,0.0,24.79253
2298,0.03313663,0.0,0.0,0.0,23.113188
2299,0.03266321,0.0,0.0,0.0,21.892527
2300,0.032462385,0.0,0.0,0.0,26.263111
2301,0.032309584,0.0,2.040811E-5,0.15849304,29.168098
2302,0.032136563,0.0,0.0,0.0,24.853376
2303,0.032122403,0.0,0.0,0.0,26.72786
2304,0.03107834,0.0,0.0,0.0,19.428402
2305,0.030858455,0.0,0.0,0.0,19.66723
2306,0.030737098,0.0,0.0,0.0,23.683054
2307,0.030089455,0.0,0.0,0.0,22.943861
2308,0.029636411,0.0,0.0,0.0,23.513737
2309,0.029254142,0.0,0.0,0.0,21.092947
2310,0.029020857,0.0,0.0,0.0,26.926815
2311,0.028952451,0.0,0.0,0.0,24.877958
2312,0.028404372,0.0,0.0,0.0,21.363386
2313,0.028066332,0.0,0.0,0.0,28.943531
2314,0.027893081,0.0,0.0,0.0,24.851948
2315,0.027275164,0.0,0.0,0.0,21.629232
2316,0.027147308,0.0,0.0,0.0,21.402273
2317,0.026836788,0.0,0.0,0.0,27.90106
2318,0.026090158,0.0,0.0,0.0,18.855875
2319,0.025599249,0.0,0.0,0.0,15.81896
2320,0.024559915,0.0,0.0,0.0,22.877316
2321,0.024060996,0.0,0.0,0.0,23.659578
2322,0.023921197,0.0,0.0,0.0,27.64882
2323,0.023585005,0.0,0.0,0.0,25.61554
2324,0.023560401,0.0,0.0,0.0,28.021349
2325,0.023368098,0.0,0.0,0.0,25.026827
2326,0.02335158,0.0,0.008385391,0.6856079,17.753275
2327,0.023245683,0.0,0.0,0.0,23.275211
2328,0.023153335,0.0,0.0,0.0,21.721434
2329,0.022956261,0.0,0.0,0.0,21.776407
2330,0.022947213,0.0,0.0,0.0,21.625982
2331,0.022928406,0.0,0.0,0.0,20.040499
2332,0.022917854,0.0,0.0,0.0,22.793186
2333,0.022693997,0.0,0.0,0.0,23.972454
2334,0.022277739,0.0,0.0,0.0,21.524666
2335,0.021586506,0.0,0.0,0.0,25.972864
2336,0.021462183,0.0,0.0,0.0,25.219927
2337,0.020438578,0.0,0.0,0.0,30.019053
2338,0.019946868,0.0,0.0,0.0,19.95189
2339,0.01982833,0.0,0.0,0.0,27.806744
2340,0.019383194,0.0,0.0,0.0,19.451735
2341,0.01930474,0.0,0.0,0.0,25.760601
2342,0.01918889,0.0,0.0,0.0,23.545855
2343,0.018622253,0.0,0.0,0.0,31.387224
2344,0.018443272,0.0,0.0,0.0,22.414017
2345,0.01836449,0.0,0.018155098,0.41370392,22.229418
2346,0.018112153,0.0,0.0,0.0,22.326174
2347,0.01757673,0.0,0.0,0.0,20.894701
2348,0.017362695,0.0,0.0,0.0,22.868637
2349,0.016810741,0.0,0.0,0.0,25.485704
2350,0.01655347,0.0,0.0,0.0,25.073202
2351,0.016363773,0.0,0.0,0.0,26.311525
2352,0.016204786,0.0,0.0,0.0,20.822674
2353,0.016136104,0.0,0.0,0.0,20.286793
2354,0.016000135,0.0,0.0,0.0,23.704033
2355,0.015583789,0.0,0.0,0.0,19.896576
2356,0.015467557,0.0,0.0,0.0,23.86968
2357,0.015332126,0.0,0.0,0.0,21.645071
2358,0.014692375,0.0,0.0,0.0,25.978237
2359,0.0146223735,0.0,0.0,0.0,26.017754
2360,0.014142456,0.0,0.0,0.0,13.304939
2361,0.014071719,0.0,0.0,0.0,25.292612
2362,0.0137837175,0.0,0.0,0.0,22.698505
2363,0.013492697,0.0,0.0,0.0,30.126661
2364,0.013296364,0.0,5.6116176E-5,0.44970703,24.349764
2365,0.012845495,0.0,0.0,0.0,20.241598
2366,0.01269033,0.0,0.0,0.0,25.139982
2367,0.011982831,0.0,0.0,0.0,24.119143
2368,0.011623405,0.0,0.0,0.0,24.079517
2369,0.011562812,0.0,0.0,0.0,19.629326
2370,0.011060445,0.0,0.0,0.0,19.977385
2371,0.010810439,0.0,0.0,0.0,26.02332
2372,0.010371679,0.0,0.0,0.0,24.145454
2373,0.0101428665,0.0,0.0,0.0,25.98433
2374,0.010037509,0.0,0.0,0.0,26.126434
2375,0.009680193,0.0,0.0,0.0,22.917097
2376,0.009340082,0.0,0.0,0.0,22.121279
2377,0.009268019,0.0,0.0,0.0,23.795143
2378,0.009231394,0.0,0.0,0.0,25.84151
2379,0.009049423,0.0,0.0,0.0,24.685646
2380,0.008995861,0.0,0.0,0.0,26.46562
2381,0.008987559,0.0,0.0,0.0,24.885252
2382,0.007898947,0.0,0.0,0.0,22.545734
2383,0.007798037,0.0,0.0,0.0,24.953865
2384,0.0065606125,0.0,0.0,0.0,23.426233
2385,0.006225792,0.0,0.0,0.0,22.570602
2386,0.005981401,0.0,0.0,0.0,22.658356
2387,0.0053983848,0.0,0.0,0.0,21.961985
2388,0.005340064,0.0,0.0,0.0,20.550596
2389,0.0052059134,0.0,0.0,0.0,26.513073
2390,0.005076215,0.0,0.0,0.0,21.787483
2391,0.0044257706,0.0,0.0,0.0,21.17823
2392,0.0041607856,0.0,0.0,0.0,26.00894
2393,0.0037676657,0.0,0.0,0.0,21.266188
2394,0.0034375715,0.0,0.0,0.0,22.279139
2395,0.0033886684,0.0,0.0,0.0,21.571033
2396,0.0030920124,0.0,0.0,0.0,21.584984
2397,0.0014856381,0.0,0.0,0.0,22.774055
2398,8.80166E-4,0.0,0.0,0.0,28.729721
2399,4.2954658E-4,0.0,0.0,0.0,17.83927
2400,3.6777844E-4,0.0,0.0,0.0,25.448864
